Season,Tm,IP,TBF,ERA,H,2B,3B,R,ER,HR,BB,IBB,HBP,SO,AVG,OBP,SLG,wOBA
2002,"ANA",1452.1,6097,3.68717007,1345,248,19,644,595,169,509,24,49,999,0.24665322,0.31350906,0.39207776,0.3095338538096829
2002,"BAL",1450.2,6258,4.46070772,1491,265,26,773,719,208,549,34,54,967,0.26644031,0.33573834,0.43459614,0.33556672280668426
2002,"BOS",1446,6049,3.75311203,1339,277,24,665,603,146,430,29,84,1157,0.24555291,0.30785845,0.38547588,0.3039487201104777
2002,"CHW",1423,6131,4.57273366,1422,287,16,798,723,190,528,31,60,945,0.26048727,0.33004926,0.42333761,0.3288441127156007
2002,"CLE",1424.2,6271,4.90851661,1508,311,41,837,777,142,603,38,57,1058,0.27388304,0.3478819,0.42262986,0.3368851021774207
2002,"DET",1414,6215,4.93917963,1593,345,58,864,776,163,463,34,62,794,0.28482031,0.34321828,0.45467549,0.34514463952101654
2002,"KCR",1441,6386,5.20888272,1587,328,33,891,834,212,572,48,52,909,0.28108395,0.34879319,0.46351399,0.3503828386190945
2002,"MIN",1444.2,6133,4.12413475,1454,280,32,712,662,184,439,24,45,1026,0.26066691,0.31754875,0.42129796,0.3214273688373136
2002,"NYY",1452,6159,3.88636364,1441,301,26,697,627,144,403,44,48,1135,0.25599574,0.30909982,0.39545212,0.30663982143091373
2002,"OAK",1452,6158,3.68801653,1391,269,28,654,595,135,474,45,62,1021,0.25153707,0.31548788,0.3835443,0.30645533664262314
2002,"SEA",1445.1,6117,4.07241697,1422,283,15,699,654,178,441,34,49,1063,0.2566787,0.31457716,0.40956679,0.31523805555920187
2002,"TBD",1440.1,6424,5.29252488,1567,337,25,918,847,215,620,24,94,925,0.27892488,0.35701988,0.46262015,0.35650052520485254
2002,"TEX",1439.2,6446,5.1636953,1528,344,41,882,826,194,669,32,76,1030,0.2717894,0.35476822,0.45108502,0.3513521919063493
2002,"TOR",1438.1,6338,4.80556199,1504,312,29,828,768,177,590,56,71,991,0.26938922,0.34386912,0.43077199,0.33704136270934193
2002,"ARI",1446.2,6067,3.92557604,1361,252,32,674,631,170,421,30,54,1303,0.24696062,0.3048821,0.39684268,0.30619602478314467
2002,"ATL",1467.1,6131,3.13425716,1302,240,32,565,511,123,554,63,42,1058,0.23982317,0.31335645,0.36378707,0.29801555758999076
2002,"CHC",1441.1,6236,4.30226642,1373,274,30,759,689,167,606,53,58,1333,0.25290109,0.33121951,0.40670473,0.322405938772133
2002,"CIN",1453.2,6296,4.29052969,1502,301,28,774,693,173,550,63,56,980,0.26898281,0.3381999,0.4258596,0.3319328242414774
2002,"COL",1426.2,6345,5.21074766,1554,306,39,898,826,225,582,49,64,920,0.27735142,0.34942821,0.46635731,0.35229722144833864
2002,"FLA",1456.1,6340,4.36301213,1449,308,43,763,706,151,631,46,58,1104,0.26188325,0.34115207,0.41496476,0.33102508515641726
2002,"HOU",1445,6205,4.00484429,1423,305,33,695,643,151,546,78,55,1219,0.25971893,0.33028721,0.41011133,0.32124001742394503
2002,"LAD",1457.2,6139,3.69220215,1311,252,20,643,598,165,555,45,46,1132,0.24152542,0.31514752,0.38651437,0.30789522725218993
2002,"MIL",1432.1,6339,4.75657435,1468,299,28,821,757,199,666,82,62,1026,0.26827485,0.35164131,0.44225146,0.34383491067052296
2002,"MON",1453,6246,3.97660014,1475,305,37,718,642,165,508,80,46,1088,0.26466894,0.3290626,0.4214965,0.3242960073545972
2002,"NYM",1442.2,6212,3.90526802,1408,256,31,703,626,163,543,75,55,1107,0.25604655,0.32676332,0.40280051,0.3173630197181079
2002,"PHI",1449.2,6222,4.16578524,1381,285,37,724,671,153,570,54,70,1075,0.25196132,0.32835093,0.40120416,0.3193936809675163
2002,"PIT",1412.2,6131,4.23666824,1447,290,31,730,665,163,572,93,55,920,0.2675171,0.34162411,0.42299871,0.33111041448275036
2002,"STL",1446.1,6135,3.70246601,1355,275,15,648,595,141,547,39,60,1009,0.25083302,0.32349547,0.38559793,0.31199538988644526
2002,"SDP",1436.1,6333,4.65560455,1522,323,41,815,743,177,582,61,66,1108,0.27359338,0.34614771,0.44184792,0.3412759857271443
2002,"SFG",1437.1,6056,3.55032468,1349,242,31,616,567,116,523,44,36,992,0.25065032,0.31885027,0.37179487,0.30429395806508436
2003,"ANA",1431.1,6161,4.28202143,1444,260,27,743,681,190,486,38,76,980,0.26102675,0.32692308,0.4208243,0.32488044780682407
2003,"BAL",1449.2,6366,4.76178432,1579,309,27,820,767,198,526,43,80,981,0.27784621,0.34550917,0.44624318,0.3431773838334887
2003,"BOS",1464.2,6355,4.49180701,1503,328,40,809,731,153,488,41,76,1141,0.26317633,0.32669512,0.41498862,0.3221742083815454
2003,"CHW",1431,6067,4.16981132,1364,279,24,715,663,162,518,30,53,1056,0.25306122,0.32153539,0.4038961,0.3164455850242215
2003,"CLE",1459.1,6254,4.20603015,1477,306,31,778,682,179,501,37,64,943,0.26412732,0.32919555,0.42596567,0.3276033343682612
2003,"DET",1438.2,6376,5.31742354,1616,308,48,928,850,195,557,35,56,764,0.28571429,0.35218834,0.46057284,0.3509616088518689
2003,"KCR",1438.2,6366,5.06719184,1569,329,34,867,810,190,566,33,66,865,0.27853719,0.34770932,0.45020415,0.3453464936184016
2003,"MIN",1461.2,6246,4.40866591,1526,302,24,758,716,187,402,35,50,997,0.26776627,0.31944444,0.42761888,0.3228113198117697
2003,"NYY",1462,6209,4.03214774,1512,323,25,716,655,145,375,36,49,1119,0.26526316,0.31367466,0.40701754,0.31229116522853967
2003,"OAK",1441.2,6078,3.6332948,1336,248,20,643,582,140,499,42,54,1018,0.2455431,0.31363108,0.37566624,0.30271875428786704
2003,"SEA",1441,6025,3.75988897,1340,220,14,637,602,173,466,24,54,1001,0.24691358,0.31051753,0.38824397,0.30606746965313053
2003,"TBD",1436.2,6340,4.93016241,1454,319,31,852,787,196,639,37,95,877,0.26426754,0.34724647,0.44038531,0.3421538400238958
2003,"TEX",1433.1,6413,5.68883721,1625,351,37,969,906,208,603,45,63,1009,0.28771246,0.35965463,0.47344193,0.3588722740143184
2003,"TOR",1435,6270,4.6912892,1560,300,42,826,748,184,485,46,57,984,0.27561837,0.33685897,0.4409894,0.33613861957249197
2003,"ARI",1455,6230,3.84123711,1379,266,24,685,621,150,526,53,72,1291,0.24995469,0.32167263,0.38843574,0.3107953819269111
2003,"ATL",1456.1,6247,4.09727626,1425,309,25,740,663,147,555,69,42,992,0.25684932,0.32697283,0.40104542,0.3163579256926417
2003,"CHC",1456.1,6227,3.82536049,1304,248,19,683,619,143,617,36,71,1404,0.24054602,0.32416599,0.37244051,0.30851988097536015
2003,"CIN",1446.1,6423,5.09011293,1578,348,37,886,818,209,590,61,48,932,0.27820874,0.34881159,0.46315233,0.34909489132269733
2003,"COL",1420,6364,5.23521127,1629,325,44,892,826,200,552,51,84,866,0.28980608,0.35895404,0.47002313,0.35712165548923697
2003,"FLA",1445.1,6165,4.04128229,1415,300,37,692,649,128,530,40,40,1132,0.25816457,0.32519659,0.3964605,0.31511435716715214
2003,"HOU",1450,6176,3.86689655,1350,262,31,677,623,161,565,53,74,1139,0.24839006,0.32553191,0.39687213,0.31572809342564934
2003,"LAD",1457.2,6001,3.15504231,1254,205,27,556,511,127,526,35,40,1289,0.23421741,0.3064489,0.3537542,0.29236841241155215
2003,"MIL",1452,6459,5.0268595,1590,304,43,873,811,219,575,43,61,1034,0.27860522,0.34835681,0.46206413,0.3495019802206498
2003,"MON",1437.2,6171,4.01275214,1467,292,24,716,641,181,463,51,71,1028,0.26403888,0.32669388,0.42296616,0.3246568411951753
2003,"NYM",1413.1,6204,4.49575472,1497,317,41,754,706,168,576,71,45,907,0.27342466,0.34500733,0.43835616,0.3380593737352814
2003,"PHI",1443.2,6195,4.05841607,1386,315,33,697,651,142,536,51,77,1060,0.25319693,0.32684761,0.40062112,0.3177044379544081
2003,"PIT",1444.1,6293,4.64851142,1527,301,27,801,746,178,502,58,61,926,0.27243533,0.33644559,0.43104371,0.3319154438315408
2003,"STL",1463.2,6375,4.6178547,1544,335,30,796,751,210,508,36,65,969,0.27144866,0.33571202,0.4516526,0.33973847144718566
2003,"SDP",1431.1,6303,4.87307871,1458,259,37,831,775,208,611,52,62,1091,0.26403477,0.34106914,0.43734154,0.337001874658121
2003,"SFG",1437.1,6090,3.72564935,1349,259,31,638,595,136,546,34,43,1006,0.25041767,0.32144634,0.38574346,0.31023791409016055
2004,"ANA",1454.1,6246,4.28237451,1476,298,23,734,692,170,502,27,44,1164,0.26277372,0.32560386,0.41481218,0.32170535559679686
2004,"BAL",1455.1,6459,4.70613834,1488,253,28,830,761,159,687,43,62,1090,0.26411076,0.34827962,0.40362087,0.33040807992687043
2004,"BOS",1451.1,6222,4.19200735,1430,318,31,768,676,159,447,28,92,1132,0.25535714,0.31835085,0.40839286,0.3157964052270329
2004,"CHW",1432.1,6189,4.91366069,1505,276,24,831,782,224,527,36,48,1013,0.27229962,0.33832141,0.45250588,0.34048615796832826
2004,"CLE",1466.2,6450,4.81704545,1553,338,28,857,785,201,579,47,62,1115,0.27117164,0.3422243,0.4452593,0.3398211871506207
2004,"DET",1439.2,6296,4.92614031,1542,291,37,844,788,190,530,33,54,995,0.27452377,0.34048687,0.44098273,0.33804158777876614
2004,"KCR",1420.1,6320,5.16428069,1638,361,33,905,815,208,518,49,56,887,0.29001416,0.3522854,0.47609773,0.3544888512854783
2004,"MIN",1476,6269,4.04268293,1523,247,23,715,663,167,431,27,54,1123,0.26709926,0.32272581,0.40634865,0.3174754077720488
2004,"NYY",1443.2,6240,4.6880628,1532,304,28,808,752,182,445,32,60,1058,0.27119844,0.32796651,0.43158081,0.32780216590623906
2004,"OAK",1471.1,6313,4.17172633,1466,291,22,742,682,164,544,49,68,1034,0.26159886,0.33200192,0.40917202,0.3224359326796447
2004,"SEA",1459.1,6389,4.76107812,1498,317,20,823,772,212,575,32,72,1036,0.26513274,0.33806147,0.44088496,0.3370827656341358
2004,"TBD",1417,6261,4.82074806,1459,324,27,842,759,192,580,35,93,923,0.26498365,0.34216017,0.43824918,0.338204307074005
2004,"TEX",1439.2,6345,4.54480204,1536,284,30,794,727,182,547,29,81,979,0.27350427,0.3439288,0.43198006,0.3373873687848751
2004,"TOR",1421,6281,4.92751583,1505,293,28,823,778,181,608,47,58,956,0.27279318,0.34797243,0.43447526,0.33909490526454084
2004,"ARI",1436,6418,4.98259053,1480,289,40,899,795,197,668,79,75,1153,0.26647461,0.35040984,0.43932301,0.3406038399134649
2004,"ATL",1450,6218,3.74896552,1475,250,17,668,604,154,523,50,27,1025,0.26543099,0.32932184,0.39967608,0.31739051267932256
2004,"CHC",1465.1,6262,3.82643312,1363,245,31,665,623,169,545,33,76,1346,0.24705456,0.32093174,0.39459851,0.3128602014826379
2004,"CIN",1443.2,6451,5.21172939,1595,373,32,907,836,236,572,55,54,992,0.28011942,0.34844682,0.48120829,0.3539834597156402
2004,"COL",1435.1,6535,5.53669299,1634,336,43,923,883,198,697,84,71,947,0.29028247,0.37222997,0.47077634,0.361872290569191
2004,"FLA",1439,6110,4.09659486,1395,280,36,700,655,166,513,61,51,1116,0.25577558,0.32358771,0.4116245,0.3176848601165089
2004,"HOU",1443,6201,4.05405405,1416,283,35,698,650,174,525,61,68,1282,0.25750136,0.32789293,0.4166212,0.32191271322849674
2004,"LAD",1453.1,6155,4.00665138,1386,255,26,684,647,178,521,47,54,1066,0.25417202,0.323224,0.40839905,0.31747047060549854
2004,"MIL",1442,6204,4.2628294,1440,325,31,757,683,164,476,27,51,1098,0.25866715,0.32004556,0.41656188,0.3190407952192387
2004,"MON",1447,6307,4.32895646,1477,284,29,769,696,191,582,78,79,1032,0.26583873,0.34191588,0.43052556,0.3333300085492462
2004,"NYM",1449,6333,4.09937888,1452,288,24,731,660,156,592,70,49,977,0.26068223,0.33461231,0.40502693,0.3211813406204156
2004,"PHI",1462.2,6308,4.46718323,1488,318,36,781,726,214,502,60,66,1070,0.26443931,0.32985721,0.44784077,0.3331512529460302
2004,"PIT",1428,6197,4.31092437,1451,295,34,744,684,149,576,64,63,1079,0.26726837,0.34172662,0.41646712,0.32888614737428107
2004,"STL",1453.2,6104,3.74570053,1378,285,19,659,605,169,440,24,67,1041,0.25127644,0.31270737,0.40262582,0.31124032087758097
2004,"SDP",1441,6135,4.02845246,1460,308,36,705,645,184,422,39,48,1079,0.26306306,0.3184293,0.43099099,0.3222038526940449
2004,"SFG",1457,6321,4.34248456,1481,310,47,770,703,161,548,35,47,1020,0.26451152,0.33231951,0.42293267,0.32730344406113804
2005,"LAA",1464.1,6158,3.67539267,1419,285,31,643,598,158,443,24,48,1126,0.25370999,0.31214251,0.40050063,0.31095085862819244
2005,"BAL",1427.2,6242,4.56409059,1458,260,22,800,724,180,580,32,52,1052,0.26322441,0.336175,0.41559848,0.32871277172332247
2005,"BOS",1429,6227,4.74247726,1550,354,41,805,753,164,440,28,89,959,0.27575165,0.33532258,0.44084682,0.33629584755707465
2005,"CHW",1475.2,6176,3.61057149,1392,278,23,645,592,167,459,42,52,1040,0.24928367,0.31044046,0.39702722,0.307956187047172
2005,"CLE",1452.2,6048,3.60578247,1363,269,15,642,582,157,413,20,41,1050,0.24709935,0.30227915,0.38669326,0.30112842412330015
2005,"DET",1435.2,6139,4.5198514,1504,258,35,787,721,193,461,33,51,907,0.27206946,0.3304918,0.43614327,0.33160151480567385
2005,"KCR",1413.1,6370,5.55919811,1640,347,42,935,873,178,580,33,74,924,0.29119318,0.36211523,0.46253551,0.3575904040876096
2005,"MIN",1464.1,6072,3.7245618,1458,257,28,662,606,169,348,38,43,965,0.2608229,0.30709185,0.40751342,0.3091868223423506
2005,"NYY",1430.2,6182,4.53564772,1495,295,31,789,721,164,463,25,84,985,0.26898165,0.3318167,0.42173444,0.32844094258378587
2005,"OAK",1450.1,6080,3.69846012,1315,257,23,658,596,154,504,42,60,1075,0.24146162,0.31068122,0.38193169,0.3032870572525543
2005,"SEA",1427.2,6172,4.48844268,1483,267,22,751,712,179,496,32,57,892,0.2682221,0.33197456,0.42159523,0.3280405237857992
2005,"TBD",1421.2,6384,5.4,1570,315,41,936,853,194,615,41,64,949,0.28045731,0.35495581,0.45534119,0.3508534086422848
2005,"TEX",1440,6371,4.96875,1589,325,25,858,795,159,522,31,60,932,0.27882085,0.34324111,0.42832076,0.336422270570515
2005,"TOR",1447,6166,4.06150657,1475,263,20,705,653,185,444,29,68,958,0.2643843,0.32393218,0.4181753,0.3229832422040116
2005,"ARI",1456.1,6402,4.86976425,1580,341,41,856,788,193,537,43,62,1038,0.278218,0.3446149,0.45465751,0.3452424181684567
2005,"ATL",1443.2,6186,3.98360656,1487,285,22,674,639,145,520,52,32,929,0.26816952,0.33289796,0.40595131,0.322350934567413
2005,"CHC",1440,6185,4.19375,1357,258,19,714,671,186,576,48,50,1256,0.24967801,0.32502868,0.40680773,0.3191213774795318
2005,"CIN",1433,6397,5.17515701,1657,366,39,889,824,219,492,47,80,955,0.29014183,0.35196589,0.48292768,0.3583174880298884
2005,"COL",1418.2,6385,5.13862782,1600,357,32,862,810,175,604,54,84,981,0.28699552,0.36213992,0.45668161,0.35452290412186055
2005,"FLA",1442.1,6236,4.18696557,1459,306,46,732,671,116,563,57,65,1125,0.26594969,0.33901884,0.40193219,0.32383541771380076
2005,"HOU",1443,6023,3.51767152,1336,259,27,609,564,155,440,29,59,1164,0.24604052,0.30778262,0.3893186,0.3047799681323225
2005,"LAD",1427.1,6113,4.38229799,1434,291,33,755,695,182,471,34,64,1004,0.26316755,0.3269135,0.42888603,0.32786198391064836
2005,"MIL",1438,6208,3.98052851,1382,300,30,697,636,169,569,52,45,1173,0.25095333,0.32434189,0.40838932,0.3189336014591018
2005,"WSN",1458,6286,3.87037037,1456,279,21,673,627,140,539,77,72,997,0.26234234,0.33301112,0.39585586,0.317562007865159
2005,"NYM",1435.2,6121,3.77385651,1390,277,21,648,602,135,491,43,56,1012,0.25471871,0.32080159,0.38739234,0.3102562946712503
2005,"PHI",1435,6119,4.21463415,1379,319,28,726,672,189,487,51,72,1159,0.25288832,0.32017182,0.42563726,0.3222865535195213
2005,"PIT",1436,6264,4.43732591,1456,322,27,769,708,162,612,65,65,958,0.26656902,0.34425436,0.42438667,0.33367492444479063
2005,"STL",1445.2,6047,3.48628084,1399,267,21,634,560,153,443,27,60,974,0.25698016,0.31784759,0.3980529,0.3130928446467299
2005,"SDP",1455.1,6253,4.13101237,1452,318,42,726,668,146,503,45,46,1133,0.25873129,0.32242991,0.40841055,0.3175735398558629
2005,"SFG",1444.1,6280,4.34941149,1456,288,40,745,698,151,592,42,42,972,0.2633864,0.33644559,0.41190304,0.32662031047734486
2006,"LAA",1452.2,6149,4.03946765,1410,300,23,732,652,158,471,27,50,1164,0.2544667,0.31629812,0.40245443,0.31213591967848187
2006,"BAL",1419,6327,5.35306554,1579,286,28,899,844,216,613,26,48,1016,0.28399281,0.35657434,0.46205036,0.3530063502052251
2006,"BOS",1441.1,6292,4.82678076,1570,348,28,825,773,181,509,25,68,1070,0.27851694,0.34297125,0.4465141,0.34100320185291927
2006,"CHW",1449,6232,4.61490683,1534,296,31,794,743,200,433,59,58,1012,0.27083333,0.32645494,0.43997175,0.32765608667978086
2006,"CLE",1423.1,6190,4.43255269,1583,293,23,782,701,166,429,35,51,948,0.28177287,0.3352836,0.43075828,0.3305958050865486
2006,"DET",1448,6145,3.85359116,1420,263,38,675,620,160,489,35,53,1003,0.25654923,0.32069304,0.40451671,0.3147344785106627
2006,"KCR",1426.1,6434,5.67258705,1648,341,27,971,899,213,637,45,60,904,0.29240596,0.36697966,0.47586941,0.3621102435556897
2006,"MIN",1439.1,6066,3.95182955,1490,280,23,683,632,182,356,25,36,1164,0.26673827,0.31231331,0.42284282,0.31609559589536007
2006,"NYY",1443.2,6215,4.42622951,1463,294,22,767,710,170,496,41,59,1019,0.26171735,0.326326,0.41341682,0.32051675464826357
2006,"OAK",1451.2,6279,4.21584386,1525,289,34,727,680,162,529,47,55,1003,0.27164232,0.33760205,0.42180264,0.3286889654397964
2006,"SEA",1446.2,6294,4.59746544,1500,327,23,792,739,183,560,50,53,1067,0.26733203,0.33737825,0.43165211,0.33199446766000046
2006,"TBD",1420.1,6374,4.96784792,1600,334,27,856,784,180,606,39,63,979,0.28586743,0.35794289,0.45167054,0.3494090009870983
2006,"TEX",1431.1,6237,4.60898929,1558,283,25,784,733,162,496,18,66,972,0.27816461,0.3413299,0.4243885,0.33334382545114544
2006,"TOR",1428.1,6151,4.37292882,1447,291,21,754,694,185,504,56,59,1076,0.26156905,0.3281097,0.42208966,0.323596338188825
2006,"ARI",1459.2,6341,4.48869605,1503,325,49,788,728,168,536,44,61,1115,0.26677316,0.33519553,0.4313099,0.33096586145057
2006,"ATL",1441.1,6350,4.59574468,1529,304,36,805,736,183,572,69,55,1049,0.27303571,0.34325744,0.43821429,0.3357366419709734
2006,"CHC",1439,6366,4.74079222,1396,276,32,834,758,210,687,44,67,1250,0.25455872,0.34213877,0.43143691,0.33524803027319605
2006,"CIN",1445.2,6319,4.53216509,1576,332,23,801,728,213,464,55,60,1053,0.27790513,0.33680834,0.45723858,0.33949816060104804
2006,"COL",1447.1,6318,4.65753109,1549,331,55,812,749,155,553,81,66,952,0.27660714,0.34615999,0.43839286,0.3366950241850634
2006,"FLA",1433.1,6294,4.37023256,1465,268,47,772,696,166,622,58,74,1088,0.26684882,0.34737181,0.42349727,0.3346099191220302
2006,"HOU",1468.2,6219,4.09350885,1425,321,28,719,668,182,480,65,54,1160,0.255743,0.31869204,0.42139268,0.3172576803884315
2006,"LAD",1460.1,6289,4.22780187,1524,323,30,751,686,152,492,40,41,1068,0.26949602,0.33038869,0.4178603,0.32393710266568687
2006,"MIL",1425.2,6210,4.82931962,1454,355,32,833,765,177,514,34,74,1145,0.26465235,0.33295288,0.43756826,0.33207923647887905
2006,"WSN",1436.1,6424,5.03156185,1535,305,42,872,803,193,584,93,92,960,0.27400928,0.34890327,0.44680471,0.34030783235606743
2006,"NYM",1461.1,6240,4.15716241,1402,274,18,731,675,180,527,39,62,1161,0.25348038,0.32253361,0.40715965,0.3164922050478251
2006,"PHI",1460.1,6366,4.60990641,1561,335,40,812,748,211,512,63,62,1138,0.27496917,0.33888889,0.45957372,0.3406753945622055
2006,"PIT",1435,6354,4.54703833,1545,300,31,797,725,156,620,62,70,1060,0.28055202,0.3574856,0.43126929,0.34183047172133485
2006,"STL",1429.2,6196,4.53882024,1475,310,34,762,721,193,504,35,80,970,0.268377,0.33687827,0.44250364,0.33626623293551955
2006,"SDP",1463.2,6175,3.87998178,1385,264,35,679,631,176,468,63,50,1097,0.2492352,0.31160963,0.40435487,0.30809302221734663
2006,"SFG",1429.2,6225,4.63954302,1422,287,47,790,737,153,584,37,70,992,0.26096531,0.33712244,0.41512204,0.3270022016669231
2007,"LAA",1435,6161,4.2271777,1480,289,34,731,674,151,477,22,51,1156,0.2660435,0.3275159,0.41164839,0.3241871042168849
2007,"BAL",1438.2,6418,5.1860519,1491,283,17,868,829,161,696,37,72,1087,0.26821371,0.35424181,0.41212448,0.3388501534232582
2007,"BOS",1438.2,6071,3.8660797,1350,295,20,657,618,151,482,20,62,1149,0.24725275,0.31368003,0.39157509,0.3106930078205059
2007,"CHW",1440.2,6293,4.77279037,1556,297,36,839,764,174,499,50,59,1015,0.27632747,0.33840243,0.43455869,0.3356158733560286
2007,"CLE",1462.2,6206,4.05492252,1519,306,22,704,659,146,410,42,56,1047,0.26823239,0.32150956,0.40738125,0.3179448354850776
2007,"DET",1447.1,6345,4.5829111,1498,288,46,797,737,174,566,41,68,1047,0.26635846,0.3380371,0.42674253,0.33388838236643187
2007,"KCR",1437.1,6253,4.5020872,1547,380,30,778,719,168,520,54,41,993,0.27664521,0.33934321,0.4454578,0.3393110782440392
2007,"MIN",1436.2,6133,4.17842227,1505,297,27,725,667,185,420,33,51,1094,0.26932713,0.32398754,0.43146027,0.32807755957646534
2007,"NYY",1450.2,6308,4.49793199,1498,327,27,777,725,150,578,33,60,1009,0.26817043,0.34039841,0.4169352,0.33242447350087057
2007,"OAK",1448,6247,4.30110497,1468,282,45,758,692,138,530,60,43,1036,0.26336563,0.3288223,0.40437747,0.31967979861562457
2007,"SEA",1434.1,6313,4.76876598,1578,331,34,813,760,147,546,39,62,1020,0.28148412,0.34897829,0.43132358,0.34120470476916515
2007,"TBD",1429.2,6403,5.53345768,1649,334,38,944,879,199,568,31,63,1194,0.2901126,0.35837787,0.46727657,0.35868933081834015
2007,"TEX",1430,6389,4.75804196,1525,314,25,844,756,155,668,38,70,976,0.27428058,0.35643408,0.42338129,0.343299105624128
2007,"TOR",1448.2,6108,4.00092039,1383,252,24,699,644,157,479,34,55,1067,0.25090711,0.31477833,0.39078374,0.30977604306909495
2007,"ARI",1441,6216,4.13462873,1446,293,34,732,662,169,546,38,61,1088,0.26228913,0.33354996,0.41973517,0.3296380003371308
2007,"ATL",1456.1,6263,4.10963607,1442,272,39,733,665,172,537,89,42,1106,0.25949253,0.32675829,0.41533201,0.32074432481774506
2007,"CHC",1446.2,6186,4.0437788,1340,280,29,690,650,165,573,46,59,1211,0.24578136,0.32238025,0.39856933,0.31642202116712237
2007,"CIN",1449.2,6354,4.95424235,1605,345,26,853,798,198,482,47,73,1068,0.2821234,0.34323852,0.45631921,0.3459786321351134
2007,"COL",1472,6293,4.31657609,1497,298,45,758,706,164,504,61,59,967,0.26637011,0.33049896,0.42295374,0.32697974729677026
2007,"FLA",1443.2,6544,4.95613022,1617,302,31,891,795,176,661,60,76,1142,0.28503437,0.36400186,0.4422704,0.3520786251593105
2007,"HOU",1464.2,6417,4.70072827,1566,345,37,813,765,206,510,62,63,1109,0.27334613,0.33663834,0.45435504,0.3407781991186372
2007,"LAD",1450,6196,4.20206897,1443,279,22,727,677,146,518,34,38,1184,0.26103473,0.32631407,0.39869754,0.31862396058563486
2007,"MIL",1444.1,6285,4.44288022,1513,321,26,776,713,161,507,37,52,1174,0.26921708,0.3327445,0.42153025,0.32931766250021816
2007,"WSN",1446.2,6333,4.57880184,1502,300,27,783,736,187,580,44,42,931,0.26898281,0.33891814,0.43284384,0.3358532529963034
2007,"NYM",1452.1,6293,4.26968097,1415,296,33,750,689,165,570,40,61,1134,0.25458798,0.32856913,0.40878014,0.3232984546411205
2007,"PHI",1458.1,6385,4.76434286,1555,345,26,821,772,198,558,62,72,1050,0.27561149,0.34578256,0.45125842,0.34502624855724334
2007,"PIT",1447.2,6374,4.9424361,1627,337,21,846,795,174,518,55,76,997,0.28781178,0.35214841,0.44719618,0.3471033647036751
2007,"STL",1435.2,6283,4.67030416,1514,319,38,829,745,168,509,25,73,945,0.27059875,0.3364366,0.43127793,0.3352219260862813
2007,"SDP",1484.2,6254,3.7220476,1406,270,38,666,614,119,474,48,48,1136,0.24960057,0.31126897,0.37440085,0.30132146411946026
2007,"SFG",1453.2,6299,4.19766109,1442,320,41,720,678,133,593,41,47,1057,0.26052394,0.33445783,0.40523939,0.32477574814761595
2008,"LAA",1451.1,6161,3.99977033,1455,272,28,697,645,160,457,32,63,1106,0.26117394,0.32250163,0.40621073,0.3200951027326183
2008,"BAL",1422,6414,5.15189873,1538,279,23,869,814,184,687,44,80,922,0.2770672,0.36122865,0.43505675,0.34993272977464485
2008,"BOS",1446.1,6180,4.0135976,1369,289,19,694,645,147,548,17,68,1185,0.24958979,0.3232899,0.38960802,0.31635242567213456
2008,"CHW",1457.2,6218,4.10587697,1471,314,31,729,665,156,460,42,48,1147,0.26076937,0.32048583,0.41038823,0.3197687818237061
2008,"CLE",1437,6164,4.45929019,1530,290,21,761,712,170,444,28,51,986,0.27326308,0.33007335,0.42364708,0.3299454466320985
2008,"DET",1445,6411,4.90795848,1541,334,33,857,788,172,644,63,68,991,0.27434574,0.35324553,0.43742211,0.34533483600767473
2008,"KCR",1445.2,6214,4.50103758,1473,282,41,781,723,159,515,15,41,1085,0.2643575,0.32794569,0.41529074,0.32639399494393956
2008,"MIN",1459,6221,4.17614805,1568,295,27,745,677,183,406,38,31,995,0.2743657,0.32396187,0.43149606,0.32854584519833285
2008,"NYY",1441.2,6175,4.28254335,1478,288,25,727,686,143,489,37,51,1141,0.26645033,0.32871803,0.40472327,0.3220996613464993
2008,"OAK",1435,6112,4.01393728,1364,284,31,690,640,135,576,45,54,1061,0.25277984,0.32801448,0.39195701,0.317390676223564
2008,"SEA",1435.1,6368,4.72782164,1544,351,20,811,754,161,626,37,53,1016,0.27635583,0.35135135,0.43279041,0.3438562841218302
2008,"TBR",1457.2,6145,3.81568717,1349,289,32,671,618,166,526,29,46,1143,0.24554059,0.31435117,0.40043684,0.31390797366675716
2008,"TEX",1442,6506,5.36754508,1647,355,36,967,860,176,625,44,72,963,0.28783642,0.36206364,0.45473611,0.3566006310620167
2008,"TOR",1446.2,6067,3.49009217,1330,281,31,610,561,134,467,42,67,1184,0.24358974,0.30891614,0.38003663,0.30323333274299535
2008,"ARI",1434.2,6119,3.98977695,1403,276,30,706,636,147,451,41,68,1229,0.25597519,0.31784356,0.39773764,0.3137962527367182
2008,"ATL",1440.2,6244,4.46668209,1439,325,42,778,715,156,586,80,42,1076,0.26259124,0.33566093,0.42262774,0.32937793807788834
2008,"CHC",1450.2,6194,3.87132353,1329,283,39,671,624,160,548,45,65,1264,0.24185623,0.31597787,0.39490446,0.31231488756147924
2008,"CIN",1442.1,6352,4.54887913,1542,322,29,800,729,201,557,40,67,1227,0.27506243,0.34517928,0.45041027,0.3466260571621281
2008,"COL",1446,6338,4.76763485,1547,335,46,822,766,148,562,49,53,1041,0.2755611,0.34448693,0.43070894,0.3387161329046421
2008,"FLA",1435.1,6271,4.4393869,1421,291,22,767,708,161,586,66,58,1127,0.25817587,0.33344098,0.40679506,0.3243084795248923
2008,"HOU",1425.1,6125,4.38844715,1453,309,33,743,695,197,492,53,50,1095,0.264326,0.32817898,0.44005821,0.3330878024674158
2008,"LAD",1447.1,6127,3.68125288,1381,259,28,648,592,123,480,58,48,1205,0.25145666,0.31486063,0.37600146,0.30375310123016397
2008,"MIL",1455.2,6209,3.87039157,1415,261,22,689,626,175,528,32,42,1110,0.25587703,0.3232899,0.40596745,0.320520435262913
2008,"WSN",1434,6310,4.66317992,1496,305,22,825,743,190,588,44,51,1063,0.26979261,0.34253169,0.4355275,0.3399384057874305
2008,"NYM",1464.1,6338,4.07489187,1415,264,22,715,663,163,590,53,70,1181,0.25426774,0.33120511,0.39748428,0.32115413834798434
2008,"PHI",1449.2,6229,3.89261899,1444,306,25,680,627,160,533,64,57,1081,0.25957217,0.32928606,0.4098508,0.32343870483286424
2008,"PIT",1455,6528,5.09690722,1631,361,33,884,824,176,657,31,49,963,0.28649218,0.36204493,0.45424205,0.3570361030038683
2008,"STL",1454,6264,4.20288858,1517,352,34,725,679,163,496,21,51,957,0.26978481,0.33226014,0.43144229,0.33415085682863566
2008,"SDP",1458.1,6286,4.4064,1466,261,29,764,714,165,561,61,38,1100,0.26300682,0.33188685,0.40904198,0.3241141511816964
2008,"SFG",1442,6341,4.37517337,1416,301,32,759,701,147,652,59,70,1240,0.25768881,0.34077144,0.40436761,0.3278952466798999
2009,"LAA",1445,6252,4.4532872,1513,298,25,761,715,180,523,35,58,1062,0.27202445,0.33790544,0.43167925,0.3359801639058845
2009,"BAL",1429,6359,5.16445066,1633,356,28,876,820,218,546,45,51,933,0.28770261,0.35262492,0.47551092,0.3579763440896721
2009,"BOS",1436.2,6283,4.35382831,1494,312,27,736,695,167,530,24,68,1230,0.26707186,0.33525641,0.42205935,0.3322402192819072
2009,"CHW",1439.2,6155,4.15721232,1438,291,23,732,665,169,507,41,41,1119,0.26083802,0.32514735,0.41393071,0.32285635792994904
2009,"CLE",1434,6354,5.07112971,1570,311,27,865,808,183,598,31,45,986,0.27975766,0.35071315,0.44262295,0.34672402565713556
2009,"DET",1447,6240,4.34139599,1449,271,31,745,698,182,594,42,41,1102,0.26278564,0.33634603,0.42219804,0.331874781560309
2009,"KCR",1426,6265,4.82819074,1486,273,38,842,765,166,600,28,51,1153,0.26852186,0.34301766,0.42157571,0.33609845723040216
2009,"MIN",1453,6274,4.49690296,1542,290,27,765,726,185,466,20,58,1052,0.27229384,0.33130212,0.43104362,0.3331201729703901
2009,"NYY",1450,6247,4.27655172,1386,274,24,753,689,181,574,28,71,1260,0.25095057,0.3266849,0.40756835,0.322991781318336
2009,"OAK",1447.1,6243,4.29064947,1486,305,28,761,690,156,523,30,36,1124,0.26516774,0.32930757,0.41309779,0.3254028435567436
2009,"SEA",1452.2,6159,3.87218908,1359,259,16,692,625,172,534,13,43,1043,0.24727074,0.31613325,0.3941048,0.3134323476555109
2009,"TBR",1427.1,6146,4.35707613,1421,287,24,754,691,183,515,22,46,1125,0.25728771,0.32385621,0.41734565,0.32492221974474206
2009,"TEX",1434.2,6172,4.38499071,1432,293,27,740,699,171,531,14,70,1016,0.25998548,0.33089193,0.416122,0.3289715740750703
2009,"TOR",1451,6281,4.4658856,1509,323,26,771,720,181,551,26,58,1181,0.26956056,0.33855499,0.4335477,0.3376875131222065
2009,"ARI",1447.2,6267,4.43886714,1470,285,42,782,714,168,525,27,53,1158,0.26292255,0.32989691,0.41906636,0.3282129427334036
2009,"ATL",1462.2,6208,3.57497721,1399,295,49,641,581,119,530,59,49,1232,0.25404031,0.32320261,0.39023062,0.3128647187463798
2009,"CHC",1445.1,6177,3.8420203,1329,233,34,672,617,160,586,46,59,1272,0.24601999,0.32413793,0.39059608,0.31489276438261166
2009,"CIN",1458.1,6253,4.17805714,1420,273,23,723,677,188,577,36,65,1069,0.25780683,0.33301034,0.4181191,0.3294843153724274
2009,"COL",1438.1,6171,4.23615295,1427,271,47,715,677,141,528,51,46,1154,0.26102067,0.32819419,0.40515822,0.320557477870131
2009,"FLA",1446.1,6299,4.31850657,1425,261,47,766,694,160,601,60,45,1248,0.2574991,0.33285117,0.40838453,0.324348175353487
2009,"HOU",1430,6237,4.54405594,1521,305,38,770,722,176,546,56,50,1144,0.27544368,0.34350154,0.44005795,0.34058957477043006
2009,"LAD",1473.1,6182,3.41470588,1265,255,30,611,559,127,584,68,57,1272,0.23305085,0.31210087,0.36127487,0.29731499251594484
2009,"MIL",1435,6352,4.84181185,1498,332,32,818,772,207,607,60,65,1104,0.26826648,0.34460854,0.45039398,0.3449447229635989
2009,"WSN",1424.1,6349,5.01708402,1533,361,41,874,794,173,629,59,48,911,0.27626599,0.35241588,0.44963056,0.348492885779659
2009,"NYM",1426,6284,4.46213184,1452,311,28,757,707,158,616,60,55,1031,0.26443271,0.34181291,0.41759242,0.33223309715168975
2009,"PHI",1455.2,6263,4.16098008,1479,296,24,709,673,189,489,31,75,1153,0.26453228,0.32946299,0.42747272,0.33062368973340944
2009,"PIT",1418.1,6144,4.59412456,1491,349,47,768,724,152,563,37,47,919,0.27575365,0.3461285,0.4420196,0.34335917471535227
2009,"STL",1440.2,6087,3.66080518,1407,274,30,640,586,123,460,23,53,1049,0.25769231,0.31909589,0.38644689,0.31133063902726044
2009,"SDP",1450.2,6273,4.3738511,1422,250,33,769,705,167,603,58,45,1187,0.2576087,0.33317238,0.40561594,0.3238055717451218
2009,"SFG",1446,6103,3.55394191,1268,243,33,611,571,140,584,49,41,1302,0.23621461,0.31372224,0.37201937,0.3027886485894123
2010,"LAA",1449.1,6252,4.0425483,1422,313,31,702,651,148,565,33,46,1130,0.25593952,0.32742793,0.40334773,0.32274179604541453
2010,"BAL",1436.1,6262,4.592945,1508,298,32,785,733,186,520,45,59,1007,0.26967096,0.33585452,0.4341917,0.3371031150031001
2010,"BOS",1456.2,6267,4.18901602,1402,308,25,744,678,152,580,30,53,1207,0.25274923,0.32680263,0.39949522,0.3213902285007848
2010,"CHW",1446.1,6180,4.09449182,1471,285,20,704,658,136,490,41,34,1149,0.26357284,0.32486566,0.39491131,0.3176476904114739
2010,"CLE",1433,6224,4.29588276,1477,307,29,752,684,147,572,36,66,967,0.26883873,0.3422884,0.41554423,0.3345405980544391
2010,"DET",1444.1,6198,4.28709901,1445,243,43,743,688,142,537,29,65,1056,0.26248865,0.33235915,0.39963669,0.32400600659322193
2010,"KCR",1436.2,6333,4.97401392,1553,321,23,845,794,176,551,28,47,1035,0.27574574,0.34197138,0.43465909,0.3409742509184155
2010,"MIN",1452.2,6106,3.95273061,1493,307,35,671,638,155,383,19,47,1048,0.26646439,0.31680395,0.41674103,0.3220245327226112
2010,"NYY",1442.1,6102,4.05592789,1349,246,14,693,650,179,540,37,62,1154,0.24930697,0.32168178,0.39918684,0.31826854710279906
2010,"OAK",1431.2,6011,3.58323632,1315,232,17,626,570,153,512,29,38,1070,0.24451469,0.31281449,0.37932317,0.30722621657405114
2010,"SEA",1438,6091,3.94923505,1402,293,22,698,631,157,452,33,40,973,0.25463131,0.3131096,0.40138031,0.3138948577812853
2010,"TBR",1453.2,6103,3.78284797,1347,286,34,649,611,175,478,34,46,1189,0.24419869,0.30788218,0.4035533,0.31246070088129774
2010,"TEX",1455.1,6213,3.93311956,1355,269,21,687,636,162,551,24,63,1181,0.2456045,0.31876315,0.39006707,0.3144917698404798
2010,"TOR",1440.2,6165,4.22929199,1407,310,31,728,677,150,539,35,60,1184,0.25544662,0.3264974,0.4046841,0.32274940736283253
2010,"ARI",1432,6260,4.80796089,1503,284,32,836,765,210,548,38,58,1070,0.27125068,0.34032596,0.44775311,0.34452284056947957
2010,"ATL",1439.1,6052,3.57040296,1326,262,32,629,571,126,505,64,49,1241,0.24573758,0.31417112,0.3762046,0.3042903665755246
2010,"CHC",1436.2,6298,4.24106729,1409,263,32,767,677,154,605,42,65,1268,0.25516117,0.33360077,0.39804419,0.3241172834821587
2010,"CIN",1453,6182,4.01995871,1404,276,18,685,649,158,524,32,50,1130,0.25411765,0.32262274,0.39638009,0.3181901713984387
2010,"COL",1442,6143,4.13800277,1405,289,29,717,663,139,525,54,56,1234,0.25737315,0.32642998,0.39732552,0.31866749919469084
2010,"FLA",1438.1,6217,4.09223638,1433,282,35,717,654,134,549,42,51,1168,0.26054545,0.33078425,0.39763636,0.32175210555759043
2010,"HOU",1439.1,6221,4.08939324,1446,289,37,729,654,140,548,39,40,1210,0.26101083,0.3298735,0.40234657,0.32317112894767996
2010,"LAD",1441.2,6141,4.01410405,1323,242,40,692,643,134,539,75,58,1274,0.2440059,0.31620553,0.37753596,0.30499385216046476
2010,"MIL",1439,6324,4.59068798,1487,329,23,804,734,173,582,42,48,1258,0.26677431,0.33828699,0.42716182,0.33594435405470385
2010,"WSN",1435,6214,4.13310105,1469,275,35,742,659,151,512,57,46,1068,0.26569,0.33023786,0.4100199,0.3245276311592255
2010,"NYM",1453,6245,3.72883689,1438,282,27,652,602,135,545,55,52,1106,0.25970742,0.32987518,0.3935344,0.31938759571670666
2010,"PHI",1456.1,6095,3.68322271,1402,283,24,640,596,168,416,42,57,1183,0.25375566,0.31104844,0.40488688,0.31405086384702197
2010,"PIT",1411.2,6300,5.00472255,1567,360,35,866,785,167,538,40,66,1026,0.28178385,0.34836329,0.44919978,0.34830337311369813
2010,"STL",1453.2,6137,3.57234579,1412,266,28,641,577,133,477,32,48,1094,0.25644751,0.31884774,0.38739557,0.3123175671572877
2010,"SDP",1456.1,6058,3.40512703,1305,240,22,581,551,139,517,51,28,1295,0.23962541,0.3077179,0.36834374,0.29939048277453834
2010,"SFG",1461,6159,3.36344969,1279,246,40,583,546,134,578,58,51,1331,0.23580383,0.31309485,0.37002212,0.3024033169188667
2011,"LAA",1465,6124,3.56928328,1388,287,20,633,581,142,476,34,36,1058,0.25122172,0.31260283,0.38751131,0.30805152299623473
2011,"BAL",1446.2,6332,4.92096774,1568,354,27,860,791,210,535,42,45,1044,0.27683616,0.34133164,0.46009887,0.3480751456460692
2011,"BOS",1457.1,6242,4.19945105,1366,286,23,737,680,156,540,11,90,1213,0.24706095,0.32183167,0.39175258,0.3166550228619225
2011,"CHW",1460,6188,4.09931507,1463,265,31,706,665,147,439,50,44,1220,0.26064493,0.3166287,0.39747016,0.31220539895881194
2011,"CLE",1453.1,6235,4.24197248,1482,323,31,760,685,153,463,34,60,1024,0.26332623,0.3233871,0.41329069,0.32252377501718804
2011,"DET",1440,6108,4.04375,1406,259,29,711,647,149,492,34,52,1115,0.25666302,0.32114625,0.39612997,0.31547702582872006
2011,"KCR",1451.1,6280,4.44625632,1487,301,43,762,717,163,557,42,58,1080,0.26730182,0.33745384,0.42477081,0.3335473323573545
2011,"MIN",1421.2,6210,4.59601407,1564,291,43,804,726,161,480,37,54,940,0.28073954,0.34019783,0.43511039,0.338194077555546
2011,"NYY",1458.1,6216,3.73371429,1423,292,24,657,605,152,507,43,58,1222,0.25588923,0.32168285,0.39902895,0.31627948007930157
2011,"OAK",1447.2,6159,3.71148975,1380,245,26,679,597,136,519,24,41,1160,0.25031743,0.31730455,0.37819699,0.3081109916048097
2011,"SEA",1433,6014,3.91277041,1369,253,24,675,623,145,436,27,51,1088,0.25096242,0.31021227,0.38588451,0.30666488605189274
2011,"TBR",1449,6010,3.58385093,1263,260,30,614,577,161,504,38,46,1143,0.23410565,0.30307589,0.38294717,0.3018465587621101
2011,"TEX",1441.1,6021,3.79024052,1327,259,18,677,607,170,461,21,46,1179,0.24375459,0.30653518,0.39162381,0.3077551963864377
2011,"TOR",1458.2,6286,4.32518282,1433,307,33,761,701,179,540,28,77,1169,0.25630478,0.32789507,0.41906636,0.3280023791106624
2011,"ARI",1443.1,6102,3.79745958,1414,292,32,662,609,159,442,16,53,1058,0.25718443,0.31611194,0.40869407,0.31829815870421524
2011,"ATL",1479.2,6220,3.48524442,1332,228,33,605,573,125,521,73,53,1332,0.24038982,0.30971726,0.36112615,0.2952115929767776
2011,"CHC",1434.1,6262,4.34208692,1439,289,29,756,692,162,580,45,53,1224,0.26154126,0.33532934,0.41294075,0.32855305548867847
2011,"CIN",1467.2,6259,4.1576198,1414,279,27,720,678,185,539,47,59,1112,0.25495853,0.32472563,0.41507393,0.32360460967974153
2011,"COL",1447.2,6215,4.43886714,1471,292,52,774,714,176,522,47,48,1118,0.2649973,0.33127739,0.43145379,0.33251371908546623
2011,"FLA",1459.2,6200,3.95227221,1403,296,41,702,641,149,500,72,37,1218,0.25261073,0.31642473,0.40115232,0.3124503085943393
2011,"HOU",1435,6268,4.50940767,1477,294,31,796,719,188,560,59,53,1191,0.2664622,0.3374778,0.43243731,0.3358309738092637
2011,"LAD",1432,5997,3.56354749,1287,263,19,612,567,132,507,48,43,1265,0.24078578,0.30988529,0.37118803,0.3005184652853985
2011,"MIL",1441.2,6048,3.63953757,1348,263,28,638,583,147,440,16,33,1257,0.24594052,0.30405744,0.38460135,0.30373556294992865
2011,"WSN",1449.1,6141,3.58302668,1403,258,23,643,577,129,477,43,52,1049,0.25578851,0.31907514,0.38176846,0.30886592439865956
2011,"NYM",1448,6316,4.18922652,1482,302,36,742,674,147,514,48,70,1126,0.26487936,0.33210095,0.41054513,0.32562776062219356
2011,"PHI",1477,6069,3.02234259,1320,252,27,529,496,120,404,41,47,1299,0.23991276,0.295857,0.36095965,0.28930515801836404
2011,"PIT",1449.1,6317,4.04875805,1513,275,22,712,652,152,535,65,62,1031,0.27037169,0.3378162,0.40886347,0.32685971476078574
2011,"STL",1462,6211,3.78590971,1461,295,35,692,615,136,448,44,46,1098,0.26052068,0.31850766,0.39835949,0.31414523987759124
2011,"SDP",1449.1,6065,3.42778289,1324,267,32,611,552,125,521,56,37,1139,0.24482249,0.31387592,0.37536982,0.3034205072255247
2011,"SFG",1468,6130,3.20640327,1260,272,29,578,523,96,559,46,50,1316,0.23247232,0.3085686,0.34649446,0.2916605028331111
2012,"LAA",1433.1,6034,4.01860465,1339,250,22,699,640,186,483,20,40,1157,0.24641148,0.31022992,0.40320206,0.31078988018740544
2012,"BAL",1483,6278,3.89615644,1433,271,16,705,642,184,481,36,53,1177,0.25246653,0.31487114,0.40310078,0.3124112666776034
2012,"BOS",1443,6209,4.72141372,1449,292,27,806,757,190,529,33,66,1176,0.26245245,0.33074434,0.42836443,0.32891203177271966
2012,"CHW",1445.2,6098,4.02167397,1365,252,20,676,646,186,503,29,68,1246,0.24954296,0.31873559,0.40493601,0.31583905892494396
2012,"CLE",1442,6283,4.78710125,1503,317,33,845,767,174,543,27,55,1086,0.26824915,0.33573027,0.42976977,0.3322432243963666
2012,"DET",1430.2,6045,3.76817335,1409,271,37,670,599,151,438,35,42,1318,0.25636827,0.3142572,0.40156477,0.3109738323662974
2012,"KCR",1451.1,6251,4.29742765,1504,280,42,746,693,163,542,44,60,1177,0.27016346,0.33907583,0.42338782,0.3311032882207639
2012,"MIN",1438.2,6214,4.76691381,1536,285,31,832,762,198,465,43,57,943,0.27379679,0.33300971,0.44153298,0.3341563598562262
2012,"NYY",1445.1,6085,3.85447417,1401,303,24,668,619,190,431,32,49,1318,0.25279682,0.31070367,0.41898232,0.3158655269167345
2012,"OAK",1470,6131,3.49591837,1360,264,14,614,571,147,462,34,46,1136,0.24548736,0.30648072,0.37779783,0.29889423922724584
2012,"SEA",1456.2,6062,3.76270023,1359,246,28,651,609,166,449,39,49,1166,0.24781182,0.30811349,0.39369074,0.3049402571791558
2012,"TBR",1459.2,6000,3.19387988,1233,219,18,577,518,139,469,35,54,1383,0.22778496,0.29418663,0.35193054,0.2841146377589834
2012,"TEX",1442,6067,4.01941748,1378,273,37,707,644,175,446,15,41,1286,0.24972816,0.30851944,0.40775643,0.3115329711986814
2012,"TOR",1443.2,6216,4.64442392,1439,334,15,784,745,204,574,20,55,1142,0.26083016,0.33457369,0.4377379,0.3357763408047293
2012,"ARI",1433.2,6063,3.94233899,1432,300,41,688,628,155,417,18,51,1200,0.26079038,0.31693078,0.4150428,0.31801990049029344
2012,"ATL",1445.1,5991,3.41858856,1310,251,21,600,549,145,464,40,41,1232,0.24268247,0.30612245,0.37754724,0.2986607611897968
2012,"CHC",1413.2,6140,4.50742749,1399,273,47,759,708,175,573,36,65,1128,0.25902611,0.3349778,0.42418071,0.3299772083315601
2012,"CIN",1453,6056,3.34480385,1356,262,35,588,540,152,427,33,51,1248,0.24690459,0.3051073,0.39038602,0.3024800023373731
2012,"COL",1422,6384,5.21518987,1637,321,49,890,824,198,566,61,47,1144,0.2902997,0.35731301,0.46994148,0.35540031105987224
2012,"MIA",1440.2,6186,4.10434984,1448,270,40,724,657,133,495,61,55,1113,0.2630814,0.32705844,0.39916424,0.3148539022163109
2012,"HOU",1423.1,6238,4.56533958,1493,276,39,794,722,173,540,40,48,1170,0.26954324,0.33738651,0.42715292,0.3317623926671927
2012,"LAD",1449.2,6068,3.35249483,1277,249,32,597,540,122,539,62,45,1276,0.23771407,0.31047714,0.3641102,0.29487236685151597
2012,"MIL",1453.2,6245,4.22242605,1458,290,31,733,682,169,525,20,31,1402,0.2606364,0.32567917,0.41419378,0.3225427165501772
2012,"WSN",1468.1,6133,3.34052213,1296,293,32,594,545,129,497,32,47,1325,0.23675557,0.30343008,0.37267081,0.2957205970423291
2012,"NYM",1434,6086,4.09205021,1368,262,36,709,652,161,488,29,40,1240,0.25105524,0.31495017,0.40099101,0.31164357067646836
2012,"PHI",1451.1,6072,3.85714286,1387,276,25,680,622,178,409,33,44,1385,0.25108617,0.30620736,0.40677046,0.30903765792588156
2012,"PIT",1433.1,6097,3.91186047,1357,250,30,674,623,153,490,30,45,1192,0.2487626,0.31376451,0.38973419,0.30724958290656407
2012,"STL",1462.2,6158,3.7103464,1420,272,32,648,603,134,436,28,50,1218,0.2548914,0.31286934,0.38736313,0.3057682886129948
2012,"SDP",1434.2,6151,4.01486989,1356,263,36,710,640,162,539,48,48,1205,0.24816984,0.31910002,0.39842606,0.3121789190434123
2012,"SFG",1451,6138,3.678153,1361,296,37,649,593,142,489,42,51,1237,0.24776989,0.31323117,0.39268159,0.3072199459512653
2013,"LAA",1457.2,6298,4.2417105,1475,286,21,737,687,167,533,36,45,1200,0.2612469,0.32800767,0.40807651,0.3234131375961359
2013,"BAL",1453,6144,4.19958706,1438,283,22,709,678,202,473,32,50,1169,0.2594263,0.3210018,0.42774671,0.32693141129959646
2013,"BOS",1454,6143,3.79436039,1366,281,26,656,613,156,524,10,47,1294,0.24795789,0.31639987,0.39335633,0.3137051893290893
2013,"CHW",1455,6214,3.99587629,1424,256,22,723,646,182,509,24,60,1249,0.25593098,0.32243973,0.40797987,0.32114694734972676
2013,"CLE",1441.1,6154,3.81521739,1359,267,21,662,611,147,554,26,58,1379,0.2485824,0.32232216,0.38576916,0.31348831365018043
2013,"DET",1462.2,6119,3.61189608,1369,259,28,624,587,128,462,29,42,1428,0.24715653,0.30780608,0.37335259,0.300459319920017
2013,"KCR",1448.1,6049,3.44879171,1366,238,24,601,555,155,469,21,41,1208,0.24986281,0.31142098,0.38723249,0.30790486889601987
2013,"MIN",1450.1,6257,4.55481499,1591,310,30,788,734,168,458,31,44,985,0.28015496,0.33595506,0.43405529,0.3361078633149029
2013,"NYY",1447.1,6128,3.94242285,1452,303,14,671,634,171,437,34,51,1233,0.26101025,0.31818927,0.41272695,0.31963014339193463
2013,"OAK",1452,6069,3.55785124,1339,229,19,625,574,163,428,23,35,1183,0.24217761,0.29864103,0.3789112,0.298285948022434
2013,"SEA",1465,6257,4.31877133,1467,315,27,754,703,174,478,48,42,1297,0.25923308,0.31914552,0.41668139,0.32066486819772977
2013,"TBR",1464,6083,3.73770492,1315,254,30,646,608,153,482,38,52,1310,0.23987596,0.30521624,0.38088289,0.30171400243261726
2013,"TEX",1463.1,6146,3.62870159,1370,261,19,636,590,157,498,35,48,1309,0.24791893,0.31327665,0.38726022,0.30832207417570434
2013,"TOR",1452,6250,4.26446281,1451,304,25,756,688,195,500,33,65,1208,0.25873752,0.32411576,0.42617689,0.3279147647647571
2013,"ARI",1495,6338,3.91906355,1460,299,26,695,651,176,485,42,60,1218,0.25650035,0.31957284,0.41092762,0.3197027840705371
2013,"ATL",1450.1,5989,3.17720064,1326,259,24,548,512,127,409,35,51,1232,0.24361565,0.30112966,0.37001653,0.295634673137516
2013,"CHC",1448,6149,3.99654696,1332,301,33,689,643,160,540,43,62,1184,0.24449339,0.31783073,0.39996329,0.31510825482317645
2013,"CIN",1473.2,6077,3.38339742,1294,252,25,589,554,170,435,28,66,1296,0.2362176,0.29842062,0.38444688,0.3003959780705479
2013,"COL",1436,6248,4.43732591,1545,348,32,760,708,136,517,52,40,1064,0.27658432,0.33963484,0.42337988,0.3329319807941952
2013,"MIA",1460,6166,3.7109589,1376,270,48,646,602,121,526,58,47,1177,0.25095751,0.31940347,0.38391392,0.3083774202967384
2013,"HOU",1440,6370,4.79375,1530,314,41,848,767,191,616,32,56,1084,0.27224199,0.34742821,0.44466192,0.3463070310942907
2013,"LAD",1450.1,6032,3.25166628,1321,243,18,582,524,127,460,44,43,1292,0.24309901,0.30573248,0.3645565,0.2957332921024111
2013,"MIL",1442.2,6100,3.8366451,1401,215,17,687,615,175,466,29,43,1125,0.25547046,0.31659208,0.39660832,0.3137321091150936
2013,"WSN",1445.2,6038,3.58588886,1367,262,14,626,576,142,405,17,48,1236,0.2486811,0.30455154,0.37893396,0.3019019952755003
2013,"NYM",1476.2,6249,3.78487585,1442,272,19,684,621,152,458,38,54,1209,0.25644674,0.31602782,0.39267295,0.3110894452371279
2013,"PHI",1436.1,6213,4.33604084,1465,308,36,749,692,152,506,33,62,1199,0.26453593,0.33062287,0.41549296,0.3271052679199265
2013,"PIT",1470.2,6147,3.27402539,1299,223,19,577,535,101,515,26,70,1261,0.23756401,0.30920729,0.34070958,0.2906183024814028
2013,"STL",1459.2,6104,3.42817995,1366,263,29,596,556,112,451,26,64,1254,0.24863487,0.31137229,0.36821988,0.3009353459327298
2013,"SDP",1455,6179,3.97731959,1407,270,38,700,643,156,525,31,40,1171,0.25530757,0.32248569,0.40301216,0.31877663605194356
2013,"SFG",1447.1,6163,3.99838784,1380,277,25,691,643,145,521,64,50,1256,0.25132034,0.31983607,0.39009288,0.31097153922317045
2014,"LAA",1482.2,6179,3.58138489,1307,228,14,630,590,126,504,41,63,1342,0.23621905,0.304765,0.35080427,0.29243561427384007
2014,"BAL",1461.1,6104,3.43658759,1342,268,20,593,558,151,472,25,59,1174,0.24368985,0.30841429,0.38187761,0.3066602791487067
2014,"BOS",1465.2,6231,4.0097794,1458,316,32,715,653,154,482,19,47,1213,0.25952296,0.32074253,0.40939836,0.32252069964155633
2014,"CHW",1441,6255,4.29701596,1468,272,31,758,688,140,557,42,69,1152,0.26479076,0.33676423,0.40079365,0.3266142493721889
2014,"CLE",1468.1,6193,3.57343927,1398,290,32,653,583,135,464,51,58,1450,0.24973205,0.31168831,0.38531618,0.30742612724550855
2014,"DET",1454,6191,4.01100413,1475,316,42,705,648,127,462,34,42,1244,0.26250222,0.32105775,0.40149493,0.3186219754849134
2014,"KCR",1450.2,6101,3.50528493,1386,254,31,624,565,128,440,14,56,1168,0.25045175,0.30979424,0.37694254,0.3054537519510184
2014,"MIN",1435,6212,4.57839721,1588,319,38,777,730,147,408,24,45,1031,0.28031774,0.33020547,0.42789056,0.33275979747628165
2014,"NYY",1453,6114,3.74741913,1392,258,29,664,605,164,398,23,65,1370,0.25,0.30529954,0.39511494,0.30941644839249466
2014,"OAK",1463.1,5972,3.22277904,1269,210,11,572,524,147,406,28,48,1244,0.23275862,0.29021391,0.35619956,0.28765252287526244
2014,"SEA",1452,5974,3.17355372,1240,227,21,554,512,137,463,36,52,1317,0.23009835,0.2953054,0.35628131,0.28985908567471536
2014,"TBR",1463.2,6131,3.56023685,1292,236,18,625,579,145,482,27,58,1437,0.23414281,0.30018024,0.36226894,0.29516674567399015
2014,"TEX",1426.1,6195,4.49263847,1510,329,29,773,712,160,505,43,61,1110,0.27182718,0.33646677,0.42790279,0.33588760779930094
2014,"TOR",1443,6150,4.004158,1400,331,32,686,642,151,490,23,57,1199,0.25316456,0.31787755,0.40650995,0.3199432740560011
2014,"ARI",1444.1,6162,4.25594276,1467,296,34,742,683,154,469,43,51,1278,0.26513645,0.32563094,0.41442256,0.3252936902465669
2014,"ATL",1455,6087,3.38350515,1369,244,22,597,547,121,472,36,37,1301,0.25054905,0.31216755,0.36969253,0.30268705659686124
2014,"CHC",1463.1,6208,3.923918,1398,296,24,707,638,115,504,37,55,1311,0.25157459,0.31810793,0.37556235,0.3082017535473222
2014,"CIN",1446,6067,3.58506224,1282,260,18,612,576,163,507,33,69,1290,0.23731951,0.30884309,0.38263606,0.30709265506966904
2014,"COL",1431,6248,4.85534591,1528,320,43,818,772,173,531,32,54,1074,0.27581227,0.34152255,0.44277978,0.34403553006128024
2014,"MIA",1457.2,6217,3.79099017,1481,283,40,674,614,114,458,35,49,1190,0.26422837,0.32319948,0.39000892,0.31549130983411916
2014,"HOU",1438.2,6154,4.14133457,1437,274,30,723,662,139,484,32,52,1137,0.26037326,0.322702,0.39644863,0.3177607246270034
2014,"LAD",1464.2,6075,3.40418753,1338,262,24,617,554,142,429,35,41,1373,0.24243522,0.30018263,0.37579272,0.29910013210040853
2014,"MIL",1457.2,6106,3.66750515,1386,249,22,657,594,167,431,20,42,1246,0.24986479,0.30727273,0.39300523,0.3102438168640358
2014,"WSN",1470.2,6020,3.02923844,1351,242,28,555,495,110,352,26,51,1288,0.24412721,0.29385157,0.35760752,0.289128166847351
2014,"NYM",1463.2,6170,3.4925985,1370,261,31,618,568,141,509,38,50,1303,0.24756053,0.31529912,0.38236357,0.3096530146700771
2014,"PHI",1468.1,6261,3.80635641,1396,284,32,687,621,134,521,43,69,1255,0.25171295,0.32115136,0.38694555,0.3135395895345769
2014,"PIT",1456.1,6130,3.49164569,1341,235,26,631,565,128,499,43,88,1228,0.24700682,0.31825685,0.37060232,0.3065463551262073
2014,"STL",1448.2,6069,3.50391164,1321,253,26,603,564,123,470,35,61,1221,0.24225197,0.30774344,0.36585366,0.2996650029539803
2014,"SDP",1438.2,6006,3.27177943,1300,258,21,577,523,117,462,32,46,1284,0.24114265,0.30442835,0.36189946,0.296372725976912
2014,"SFG",1449,5947,3.50310559,1305,266,48,614,564,133,389,35,57,1211,0.24113082,0.296981,0.38174427,0.2992277786585683
2015,"LAA",1440.2,6096,3.94192503,1355,273,19,675,631,166,466,45,71,1221,0.24785074,0.31252065,0.39582952,0.3072619645582457
2015,"BAL",1434.2,6085,4.05250929,1406,317,23,693,646,174,483,27,54,1233,0.25661617,0.32062706,0.418142,0.3202286200718601
2015,"BOS",1448.1,6225,4.33739931,1486,299,32,753,698,178,478,17,62,1218,0.26422475,0.3267215,0.42371977,0.32600006640420076
2015,"CHW",1452.2,6181,3.98370812,1443,272,39,701,643,162,474,34,62,1359,0.25962576,0.32247026,0.41003958,0.31780929634185495
2015,"CLE",1432.2,5904,3.68124709,1274,254,31,640,586,161,425,27,48,1407,0.23711148,0.29720994,0.38581798,0.2970740681243868
2015,"DET",1447,6188,4.63994471,1491,280,60,803,746,193,489,32,46,1100,0.26792453,0.3297526,0.44384546,0.33323926821897165
2015,"KCR",1452,6112,3.73760331,1372,262,39,641,603,155,489,10,52,1160,0.24949991,0.3144313,0.39589016,0.3102751824272515
2015,"MIN",1443,6139,4.07276507,1506,295,25,700,653,163,413,34,41,1046,0.26892857,0.32146958,0.41785714,0.3196333066653875
2015,"NYY",1457.2,6191,4.03178596,1416,260,25,698,653,182,474,16,56,1370,0.25330948,0.31596038,0.40644007,0.3146767784907611
2015,"OAK",1444.2,6128,4.16151361,1402,266,13,729,668,172,474,19,47,1179,0.25398551,0.31555628,0.40036232,0.31177810791588617
2015,"SEA",1463,6223,4.16473001,1430,285,23,726,677,181,491,41,70,1283,0.25581395,0.32175178,0.41216458,0.31832195590797896
2015,"TBR",1453.1,6069,3.74036697,1314,232,19,642,604,175,477,23,46,1355,0.23991236,0.30413907,0.38506482,0.30084807214614895
2015,"TEX",1442.2,6215,4.25462107,1459,280,40,733,682,171,508,29,63,1095,0.26208011,0.32800129,0.41889707,0.32395543536389027
2015,"TOR",1441,5984,3.80985427,1353,267,30,670,610,173,397,20,59,1117,0.24816581,0.30367635,0.40333822,0.3064885109045579
2015,"ARI",1466.2,6257,4.05,1450,318,30,713,660,182,500,45,48,1215,0.25814492,0.32168733,0.42264554,0.321204109757201
2015,"ATL",1425.1,6156,4.4137044,1462,285,33,760,699,170,550,45,53,1148,0.26830611,0.33863562,0.42631676,0.33117196286352885
2015,"CHC",1461.1,5997,3.36268248,1276,286,37,608,546,134,407,38,46,1431,0.2330168,0.29014935,0.37216947,0.2876036136743487
2015,"CIN",1453.1,6271,4.34724771,1436,317,25,754,702,177,544,42,58,1252,0.25818051,0.32823321,0.41963323,0.323951903687742
2015,"COL",1426.1,6308,5.0415985,1579,363,41,844,799,183,579,42,48,1112,0.28282286,0.35296,0.46086334,0.35058285336288597
2015,"MIA",1427,6050,4.03644008,1374,278,29,678,640,141,508,25,52,1152,0.2551532,0.32233333,0.39610028,0.3132069542218452
2015,"HOU",1441,5965,3.57251908,1308,252,37,618,572,148,423,17,43,1280,0.24070666,0.29875379,0.38240707,0.2969369295883211
2015,"LAD",1445.2,5932,3.45515333,1317,229,20,595,555,145,395,32,38,1396,0.24240751,0.29686175,0.37198601,0.2914293807215319
2015,"MIL",1435,6148,4.27735192,1432,287,33,737,682,176,517,36,55,1260,0.26112327,0.32863234,0.42177243,0.32513509060006374
2015,"WSN",1434.2,5975,3.61965613,1366,239,29,635,577,145,364,37,55,1342,0.25,0.30141844,0.38396779,0.29727566676719164
2015,"NYM",1462.2,6046,3.45191431,1341,235,23,613,561,152,383,43,44,1337,0.24315503,0.29555333,0.37679057,0.2914607918288576
2015,"PHI",1436.1,6332,4.69320028,1592,300,33,809,749,191,488,37,61,1153,0.27973994,0.34081503,0.4447373,0.3391916875843051
2015,"PIT",1489.2,6215,3.22622511,1392,257,24,596,534,110,453,38,75,1338,0.24790739,0.31088083,0.36099733,0.2947064750879741
2015,"STL",1464.2,6134,2.93718707,1359,240,26,525,478,123,477,37,45,1329,0.24632953,0.30998682,0.36614102,0.296121794664332
2015,"SDP",1440.1,6093,4.09280259,1371,268,50,731,655,171,516,35,54,1393,0.25202206,0.32093254,0.41397059,0.3185750247435742
2015,"SFG",1444.1,6009,3.73251789,1344,246,51,627,599,155,431,28,50,1165,0.24601867,0.30528605,0.394838,0.30401094065994777
2016,"LAA",1421.1,6120,4.2804878,1480,275,20,727,676,208,498,27,56,1136,0.26933576,0.33360669,0.44021838,0.3321101565533847
2016,"BAL",1432,6122,4.21717877,1408,309,18,715,671,183,545,23,51,1248,0.25754527,0.32847074,0.42107189,0.3236012959135093
2016,"BOS",1439.2,6073,4.00092614,1341,251,23,694,640,176,490,16,65,1362,0.24564939,0.31344024,0.39677597,0.3081963443744248
2016,"CHW",1446.2,6196,4.11843318,1422,290,25,715,662,185,521,30,68,1270,0.25737557,0.32630213,0.41936652,0.3212447095982464
2016,"CLE",1445,6033,3.85536332,1330,287,27,676,619,186,461,34,34,1398,0.24270073,0.3038628,0.40675182,0.3051060114083319
2016,"DET",1428,6048,4.24159664,1417,250,42,721,673,182,462,25,51,1232,0.25966648,0.32043832,0.42092725,0.3184469260148662
2016,"KCR",1439.2,6182,4.21347534,1433,248,21,712,674,206,517,8,60,1287,0.25889792,0.32677613,0.4229449,0.324328519933953
2016,"MIN",1443,6314,5.08939709,1617,326,30,889,816,221,479,26,41,1191,0.2825935,0.33985369,0.46592101,0.34385719476550275
2016,"NYY",1428.1,6023,4.16499417,1358,279,22,702,661,214,444,15,57,1393,0.24790069,0.3097817,0.42405988,0.3157544414653772
2016,"OAK",1433.1,6144,4.51465116,1459,277,26,761,719,185,464,28,50,1188,0.2625045,0.32233295,0.42155452,0.31966207231106514
2016,"SEA",1457,6147,3.99656829,1410,273,23,707,647,213,460,30,55,1318,0.25300556,0.31433703,0.4249058,0.3171000284545336
2016,"TBR",1426.1,6076,4.19607385,1395,233,9,713,665,210,491,25,32,1357,0.25502742,0.31754967,0.41608775,0.3158586059821613
2016,"TEX",1443,6186,4.38461538,1441,260,22,757,703,201,534,16,53,1154,0.26024923,0.32884709,0.42405635,0.3251371989888188
2016,"TOR",1459.1,6113,3.79282778,1340,269,24,666,615,183,461,10,59,1314,0.24161558,0.30496803,0.39776415,0.30439310958573806
2016,"ARI",1451.1,6436,5.09118052,1563,337,38,890,821,202,603,57,57,1318,0.27454769,0.34761532,0.45353943,0.34229951367163064
2016,"ATL",1447.2,6250,4.50725305,1414,263,47,779,725,177,547,55,70,1227,0.25564997,0.32768635,0.4161996,0.31932100471719826
2016,"CHC",1459.2,5933,3.15071934,1125,205,15,556,511,163,495,24,63,1441,0.21190431,0.28515757,0.34827651,0.27714641588445665
2016,"CIN",1442,6348,4.91192788,1457,261,18,854,787,258,636,31,78,1241,0.26285405,0.34504132,0.45607072,0.3441063705162392
2016,"COL",1429.1,6289,4.91767724,1532,312,51,860,781,181,547,38,70,1223,0.27440444,0.34461193,0.44581766,0.3391593974630615
2016,"MIA",1435,6163,4.05156794,1358,256,31,682,646,152,595,62,61,1379,0.25110947,0.32940792,0.39423077,0.31265985583597194
2016,"HOU",1468,6179,4.0647139,1441,320,42,701,663,181,453,19,39,1396,0.25563243,0.3137987,0.42362959,0.3166777542137863
2016,"LAD",1453,6014,3.70406056,1266,225,26,638,598,165,464,51,53,1510,0.23314917,0.29831019,0.37532228,0.29071996511135234
2016,"MIL",1434.1,6186,4.09737393,1450,293,36,733,653,178,532,33,66,1175,0.26320566,0.33311646,0.42639317,0.3270006015275408
2016,"WSN",1459.2,6036,3.52066682,1272,252,27,612,571,155,468,43,57,1476,0.23425414,0.30035099,0.37624309,0.2926586215042506
2016,"NYM",1447,6067,3.58258466,1398,258,29,617,576,152,439,39,35,1396,0.25445941,0.31137725,0.39497634,0.30405259672249857
2016,"PHI",1437,6164,4.64091858,1468,308,33,796,741,213,466,30,51,1299,0.26493413,0.32471781,0.44775311,0.32948388636709924
2016,"PIT",1450.2,6292,4.22495404,1491,323,40,758,681,180,533,28,68,1232,0.2672522,0.33601028,0.4362789,0.3319060110918896
2016,"STL",1448.1,6164,4.07640967,1432,278,22,712,656,159,475,35,52,1290,0.25787862,0.31978452,0.40176481,0.3113189226123739
2016,"SDP",1440,6228,4.44375,1425,275,44,770,711,183,569,44,53,1222,0.25754564,0.33032112,0.42237484,0.32356492102911427
2016,"SFG",1460.1,6049,3.69162292,1333,262,42,631,599,158,439,30,46,1309,0.24284934,0.30259654,0.39223902,0.2994988798975506
2017,"LAA",1440.2,6030,4.19805646,1373,265,17,709,672,224,470,25,44,1312,0.2514652,0.31429047,0.42930403,0.3172193392301248
2017,"BAL",1441,6293,4.97154754,1505,293,17,841,796,242,579,21,60,1233,0.26927894,0.34161887,0.45768474,0.340856408119964
2017,"BOS",1482.1,6217,3.73397796,1384,278,23,668,615,195,465,18,49,1580,0.24508589,0.30607966,0.40605631,0.3053497932074083
2017,"CHW",1421.2,6200,4.77960141,1384,275,32,820,755,242,632,36,68,1193,0.25417815,0.33699871,0.44977043,0.33536554631585025
2017,"CLE",1440.2,5866,3.30472004,1267,262,12,564,529,163,406,15,45,1614,0.23558944,0.29372542,0.37969505,0.290587677095784
2017,"DET",1420.1,6298,5.36071345,1587,290,35,894,846,218,538,42,61,1202,0.2823341,0.34797835,0.46272905,0.3439607445723735
2017,"KCR",1437.2,6218,4.63250638,1480,274,40,791,740,196,519,24,52,1216,0.26523297,0.3309666,0.43405018,0.32702630860635956
2017,"MIN",1436,6205,4.60027855,1487,282,26,788,734,224,483,37,69,1166,0.26615357,0.3298819,0.44621443,0.32999278588492115
2017,"NYY",1448.2,6078,3.74620341,1248,243,12,660,603,192,504,18,53,1560,0.22823702,0.29805152,0.38240673,0.2940520013097344
2017,"OAK",1431,6167,4.67295597,1444,300,28,826,743,210,502,17,61,1202,0.26079104,0.32655386,0.43886581,0.3268607584487596
2017,"SEA",1440.1,6132,4.4552187,1399,262,12,772,713,237,490,28,53,1244,0.25427117,0.31809992,0.43547801,0.3204920786726096
2017,"TBR",1445,6099,3.98615917,1324,270,17,704,640,193,503,37,48,1352,0.24151769,0.30884533,0.4025903,0.30472634843852214
2017,"TEX",1434.1,6211,4.69974436,1443,287,13,816,749,214,559,22,74,1107,0.26112921,0.33489272,0.43394861,0.3298595263403327
2017,"TOR",1465,6316,4.42320819,1460,310,26,784,720,203,549,25,48,1372,0.25767737,0.32645612,0.42905048,0.32337007492571745
2017,"ARI",1441,6072,3.67244969,1309,276,34,659,588,171,516,45,38,1482,0.24049238,0.30875041,0.39794231,0.3024131571297097
2017,"ATL",1441.1,6306,4.72062905,1463,326,36,821,756,192,584,39,70,1258,0.2629876,0.33855749,0.43807298,0.33196945426584556
2017,"CHC",1447.1,6108,3.95485951,1294,250,17,695,636,194,554,29,66,1439,0.23830571,0.31485442,0.39779006,0.30748855209547626
2017,"CIN",1430,6286,5.16713287,1442,315,22,869,821,248,631,37,77,1300,0.263379,0.34499358,0.46484018,0.3441285782326028
2017,"COL",1437.2,6177,4.51356364,1453,290,50,757,721,190,532,20,50,1270,0.26418182,0.33219066,0.43872727,0.32938457074182526
2017,"MIA",1442.2,6318,4.81608133,1450,280,37,822,772,193,627,59,75,1202,0.26296699,0.34382489,0.43217265,0.33168373245385385
2017,"HOU",1446,6111,4.12033195,1314,293,23,700,662,192,522,17,70,1593,0.23995617,0.3130749,0.40704894,0.31032819160616315
2017,"LAD",1444.2,5925,3.38278726,1226,229,20,580,543,184,442,33,40,1549,0.22788104,0.29027872,0.38048327,0.2879927442269822
2017,"MIL",1445.2,6164,3.99677196,1381,276,29,697,642,185,553,45,64,1346,0.25205329,0.32620408,0.41430918,0.3175607262473357
2017,"WSN",1446.2,6068,3.88202765,1300,243,23,672,624,189,495,39,60,1457,0.23870731,0.30752653,0.39588689,0.30192917795227425
2017,"NYM",1434.2,6378,5.01231413,1538,278,23,863,799,220,593,51,55,1374,0.27327647,0.34539422,0.44811656,0.3378042906912013
2017,"PHI",1441,6235,4.56557946,1471,296,28,782,731,221,527,39,63,1309,0.26456835,0.33258028,0.4471223,0.33147730643232753
2017,"PIT",1440.2,6208,4.22929199,1464,320,31,731,677,182,511,32,58,1262,0.26354635,0.33040793,0.43060306,0.3255650075875238
2017,"STL",1450.1,6153,4.01493909,1393,262,31,705,647,183,493,50,67,1351,0.25295079,0.31953534,0.4114763,0.31220388587494174
2017,"SDP",1430.2,6169,4.69920783,1417,275,23,816,747,226,554,28,75,1325,0.25890736,0.33338765,0.4414398,0.3312449972081992
2017,"SFG",1452,6287,4.5,1515,297,58,776,726,182,496,42,50,1234,0.26814159,0.33055333,0.43787611,0.3268930010200413
2018,"LAA",1437.1,6108,4.15143785,1353,256,19,722,663,205,546,17,65,1386,0.24848485,0.32244295,0.415427,0.32021924665895074
2018,"BAL",1431,6340,5.18867925,1552,325,34,892,825,234,589,29,67,1203,0.27591111,0.34920133,0.47057778,0.3514611971522272
2018,"BOS",1458.2,6166,3.75137112,1305,246,35,647,608,176,512,8,84,1558,0.23662738,0.30875426,0.38966455,0.30465988906190966
2018,"CHW",1437,6339,4.84759916,1404,292,24,848,774,196,653,25,89,1259,0.25384198,0.33955696,0.42162358,0.3307046986648826
2018,"CLE",1457.1,6071,3.77333028,1349,311,23,648,611,200,407,29,59,1544,0.24236436,0.29985131,0.41430111,0.3071576788388242
2018,"DET",1425.1,6130,4.59681946,1423,278,34,796,728,216,491,20,60,1215,0.25849228,0.32291837,0.4390554,0.32729699950920194
2018,"KCR",1432,6284,4.94622905,1542,271,36,833,787,205,549,28,51,1157,0.27520971,0.34217252,0.44618954,0.3390626803193533
2018,"MIN",1443.1,6287,4.50207852,1425,280,26,775,722,198,573,34,80,1377,0.25629496,0.33184286,0.42284173,0.3262192691719984
2018,"NYY",1456.1,6141,3.77592126,1311,293,13,669,611,177,494,9,58,1634,0.23651452,0.30421293,0.38986109,0.3025132952512334
2018,"OAK",1465.2,6099,3.81942233,1303,268,19,674,622,184,474,19,53,1237,0.23617908,0.30128416,0.39169839,0.30084286634829494
2018,"SEA",1448.2,6073,4.12517257,1396,289,23,711,664,195,400,21,72,1328,0.25175834,0.3083017,0.41767358,0.31266325686537855
2018,"TBR",1448,5992,3.74792818,1236,262,20,646,603,164,501,34,53,1421,0.2296544,0.29958159,0.3771832,0.2939598798410717
2018,"TEX",1431,6231,4.9245283,1516,325,44,848,783,222,491,23,72,1121,0.27085939,0.33478261,0.46364124,0.341646902478722
2018,"TOR",1433.2,6265,4.85259242,1476,325,32,832,773,208,551,19,67,1298,0.26461097,0.33536195,0.44621728,0.33648424766149865
2018,"ARI",1463,6139,3.72795625,1313,259,19,644,606,174,522,43,57,1448,0.23894449,0.30975769,0.38798908,0.30255657018754273
2018,"ATL",1456.2,6155,3.75034325,1236,248,26,657,607,153,635,43,52,1423,0.22918598,0.31447261,0.36992398,0.2994509651982109
2018,"CHC",1476.1,6264,3.64551818,1319,221,28,645,598,157,622,33,66,1333,0.23981818,0.32251326,0.37581818,0.30619623549342734
2018,"CIN",1441,6279,4.65301874,1491,291,27,819,745,228,532,60,50,1258,0.26601249,0.33247795,0.44959857,0.3338010911806392
2018,"COL",1452.1,6154,4.33165022,1377,268,48,745,699,184,525,24,52,1409,0.25031812,0.31902041,0.4168333,0.3176446021179589
2018,"MIA",1442,6236,4.76213592,1388,309,23,809,763,192,605,73,71,1249,0.25365497,0.33311814,0.42379386,0.32492296952311944
2018,"HOU",1455,5913,3.11134021,1164,257,21,534,503,152,435,4,66,1687,0.21696179,0.28220339,0.35768872,0.2803041150179291
2018,"LAD",1476,6096,3.39634146,1279,242,25,610,557,179,422,39,61,1565,0.22995325,0.29037574,0.37900036,0.28951476744937943
2018,"MIL",1461,6114,3.73305955,1259,239,40,659,606,173,553,34,61,1428,0.23250231,0.30856672,0.38725762,0.30221001198546155
2018,"WSN",1446,6087,4.03941909,1320,273,26,682,649,198,487,37,76,1417,0.24206859,0.31087997,0.41059967,0.3110498071607957
2018,"NYM",1460.2,6178,4.07279781,1364,241,24,707,661,185,484,32,71,1446,0.24616495,0.31274446,0.39848403,0.30813651124740493
2018,"PHI",1445.2,6138,4.146184,1366,292,32,728,666,171,500,35,60,1465,0.24881603,0.31599672,0.40710383,0.3121935281619774
2018,"PIT",1433.2,6144,4.00511509,1380,287,26,693,638,174,497,43,69,1336,0.25063567,0.31865073,0.40701053,0.31341125476997256
2018,"STL",1455.1,6271,3.85272561,1354,242,26,691,623,144,593,49,67,1337,0.24591355,0.32400257,0.37776971,0.30601393625572704
2018,"SDP",1457,6254,4.4104324,1430,283,32,767,714,185,519,28,68,1399,0.2557682,0.32443301,0.41709891,0.32067868592647036
2018,"SFG",1461.1,6191,3.95392336,1387,291,42,699,642,156,524,37,45,1269,0.25104072,0.31846304,0.40361991,0.31188859647654005
2019,"LAA",1442.2,6289,5.1155268,1417,284,28,868,820,267,576,11,82,1404,0.2541704,0.3306246,0.45883408,0.33262956003522454
2019,"BAL",1443,6396,5.66943867,1544,311,31,981,909,305,561,11,80,1248,0.27101984,0.3422619,0.49710374,0.3506319667730716
2019,"BOS",1471,6400,4.69884432,1423,319,26,828,768,215,605,22,76,1633,0.25136902,0.32978056,0.43084261,0.3228127901735603
2019,"CHW",1412.2,6159,4.90561586,1438,278,19,832,770,238,582,30,51,1312,0.26308086,0.3374613,0.45151848,0.3327118835883346
2019,"CLE",1437.2,6008,3.79364711,1308,315,20,657,606,207,450,19,62,1508,0.24004404,0.30378902,0.41915948,0.3053484576425533
2019,"DET",1433,6341,5.25680391,1555,315,44,915,837,250,536,24,69,1368,0.27454096,0.34204276,0.47810734,0.3435248905004369
2019,"KCR",1425,6307,5.20421053,1525,299,28,869,824,221,582,25,81,1230,0.27349354,0.34796438,0.45606169,0.3397077015370164
2019,"MIN",1463.1,6246,4.18223235,1456,282,23,754,680,198,452,10,61,1463,0.25674484,0.31635604,0.4193264,0.31220033393629043
2019,"NYY",1443,6133,4.30977131,1374,277,18,739,691,248,507,12,44,1534,0.24823848,0.31443973,0.43920506,0.317762378516642
2019,"OAK",1465,6153,3.96860068,1342,249,23,680,646,201,477,19,66,1299,0.24219455,0.30770486,0.40425916,0.30248491010006895
2019,"SEA",1439.1,6268,4.99606299,1484,336,24,893,799,260,505,25,51,1239,0.26256192,0.32619124,0.46850672,0.33217803495886006
2019,"TBR",1474.1,6086,3.6748813,1274,264,26,656,602,181,453,27,60,1621,0.23033809,0.29430171,0.38564455,0.2890856631537722
2019,"TEX",1438,6354,5.08831711,1515,310,32,878,813,241,583,11,70,1379,0.26914194,0.34238787,0.46402558,0.3400079322340292
2019,"TOR",1440.1,6313,4.79264059,1450,340,23,828,767,228,604,25,69,1332,0.25939177,0.33703763,0.45080501,0.33269787573837195
2019,"ARI",1465,6230,4.24505119,1400,289,29,743,691,220,516,38,62,1427,0.25143678,0.31980598,0.43229167,0.3167087957687217
2019,"ATL",1450.2,6243,4.20013787,1421,253,23,743,677,203,548,33,69,1393,0.25571351,0.32865667,0.41911103,0.3179323670832409
2019,"CHC",1442,6190,4.10055478,1376,265,25,717,657,195,534,16,80,1444,0.25054625,0.32331438,0.41442098,0.31418485756241976
2019,"CIN",1438,6057,4.18080668,1270,260,19,711,668,214,536,31,58,1552,0.23540315,0.30963455,0.40963855,0.30496623895665526
2019,"COL",1448.2,6423,5.57892315,1576,325,44,958,898,270,589,33,57,1264,0.27687983,0.34827586,0.4917428,0.35071503885039873
2019,"MIA",1444.1,6247,4.7357489,1340,281,27,808,760,236,615,52,90,1378,0.2448383,0.32893679,0.4354102,0.32221722624114346
2019,"HOU",1462.1,5995,3.66195578,1205,233,21,640,595,230,448,0,41,1671,0.22065556,0.28327759,0.39736312,0.2888648855446972
2019,"LAD",1445.2,5913,3.39289832,1201,239,24,613,545,185,392,24,66,1519,0.22294412,0.28209488,0.37924633,0.28045145864268506
2019,"MIL",1459.1,6251,4.40338054,1364,247,36,766,714,225,570,28,60,1497,0.24612053,0.32130197,0.42547817,0.3162241231164102
2019,"WSN",1439.1,6134,4.27698008,1340,281,18,724,684,202,517,41,61,1511,0.24403569,0.31411726,0.41212894,0.3072125412271913
2019,"NYM",1461,6232,4.25051335,1405,287,19,737,690,204,500,40,60,1520,0.25084806,0.31714009,0.41813962,0.31073525250732625
2019,"PHI",1453.2,6274,4.53198808,1452,249,23,794,732,258,546,38,71,1392,0.26063543,0.33220938,0.45252199,0.3298915821535329
2019,"PIT",1440,6391,5.1875,1511,351,34,911,830,241,584,22,85,1443,0.26752833,0.34314497,0.4697238,0.34199102112061036
2019,"STL",1444,6068,3.82063712,1284,246,19,662,613,191,545,41,69,1399,0.23826313,0.31418639,0.39729078,0.3027285379469395
2019,"SDP",1432,6160,4.63198324,1394,302,22,789,737,215,463,19,68,1475,0.25112592,0.31469675,0.42965231,0.31436255251669265
2019,"SFG",1469,6256,4.38053097,1395,244,37,773,715,227,519,26,65,1368,0.24924066,0.31847441,0.42772914,0.31546868163304864
2020,"LAA",525.1,2256,5.08819797,492,106,10,321,297,82,199,8,21,523,0.2446544,0.31616341,0.429637,0.3196704978133268
2020,"BAL",518.2,2246,4.51156812,489,93,10,294,260,79,192,2,34,487,0.24560522,0.31919643,0.42139628,0.3197281913527215
2020,"BOS",524,2389,5.58206107,587,118,7,351,325,98,252,4,31,537,0.28072692,0.36493289,0.4844572,0.3647406865568722
2020,"CHW",527,2235,3.80834915,448,83,3,246,223,71,217,6,23,523,0.22626263,0.30893579,0.37878788,0.3012033466657289
2020,"CLE",536,2176,3.29104478,440,83,9,209,196,68,157,8,27,621,0.22323694,0.28782288,0.37798072,0.28808504014655395
2020,"DET",492.1,2174,5.63033175,511,97,7,318,308,91,192,2,34,444,0.26517903,0.33994465,0.46445252,0.3451162929460062
2020,"KCR",517,2233,4.29980658,500,80,5,272,247,76,211,7,29,517,0.25367834,0.33198744,0.41501776,0.3240820769787264
2020,"MIN",513.1,2130,3.57662338,448,73,5,215,204,62,170,0,21,535,0.23248573,0.30056444,0.37208095,0.294821531337494
2020,"NYY",500.2,2133,4.35019973,455,95,6,270,242,83,168,5,25,528,0.23611832,0.30494118,0.42086144,0.3125080503663927
2020,"OAK",515.1,2164,3.77231565,471,85,3,232,216,69,165,6,15,506,0.2398167,0.30152849,0.39154786,0.2998713248561163
2020,"SEA",516.2,2250,5.0516129,483,98,10,304,290,79,230,7,37,469,0.2455516,0.33348155,0.42602949,0.32884947459789177
2020,"TBR",527.2,2212,3.56475047,475,83,6,229,209,70,168,4,29,552,0.23809524,0.30517711,0.39097744,0.3026649431275497
2020,"TEX",516.2,2273,5.01677419,479,83,13,312,288,81,236,3,30,489,0.24179707,0.3290636,0.41948511,0.32486765074128865
2020,"TOR",524.2,2309,4.63151207,517,105,9,312,270,81,250,7,14,519,0.25505673,0.33912288,0.43561914,0.33471910699630864
2020,"ARI",518.1,2278,4.84437299,506,118,11,295,279,93,235,20,23,524,0.25262107,0.33597186,0.46180729,0.33936528217612694
2020,"ATL",524.1,2276,4.46280992,494,94,10,288,260,69,220,13,33,506,0.247,0.32907489,0.4075,0.31923142335665244
2020,"CHC",518.1,2153,3.99356913,451,90,6,240,230,74,182,7,17,523,0.23259412,0.30246626,0.39969056,0.30340706982087245
2020,"CIN",504,2125,3.89285714,401,77,10,243,218,67,213,6,29,615,0.21478307,0.30287329,0.37439743,0.2963054645551394
2020,"COL",526.1,2335,5.59151362,579,119,19,353,327,83,205,5,40,393,0.28011611,0.35349635,0.47653604,0.35513735893771037
2020,"MIA",504,2214,4.85714286,506,117,7,304,272,82,226,14,26,451,0.26069037,0.34298643,0.45492014,0.34148349950873785
2020,"HOU",524,2239,4.3110687,472,96,12,275,251,70,217,7,29,526,0.23935091,0.32182878,0.40669371,0.3162910764058717
2020,"LAD",538.2,2172,3.02413366,424,69,7,213,181,66,145,4,21,517,0.21327968,0.27239151,0.35462777,0.27273805832333525
2020,"MIL",517.1,2186,4.17525773,446,83,10,264,240,67,189,1,35,614,0.2288353,0.30691709,0.38481272,0.3025751733430256
2020,"WSN",503.2,2273,5.09265387,548,101,6,301,285,94,216,22,22,508,0.27061728,0.34625551,0.46567901,0.3462036328383612
2020,"NYM",513.1,2262,5.01428571,511,113,5,308,286,81,219,7,29,574,0.25524476,0.33613818,0.43806194,0.33435168079882926
2020,"PHI",497,2197,5.1971831,550,117,8,311,287,80,185,12,28,532,0.27904617,0.34792522,0.46829021,0.34911258728446243
2020,"PIT",513,2227,4.68421053,451,100,3,298,267,80,249,3,37,536,0.23514077,0.33168317,0.41553702,0.3254578353693594
2020,"STL",473,1989,3.91966173,376,70,4,229,206,69,204,8,26,464,0.21621622,0.30559758,0.38010351,0.2992373923410343
2020,"SDP",520.1,2160,3.87443946,456,81,6,241,224,70,170,2,22,565,0.23360656,0.30055659,0.38883197,0.2996632073804418
2020,"SFG",517.2,2240,4.64198326,474,97,14,297,267,69,210,2,34,488,0.24085366,0.32182878,0.40955285,0.31765418140382284