,yr,team,PitWAR
0,2020,CLE,10.4
0,2020,ATL,9.0
0,2020,WSN,8.7
0,2020,OAK,8.4
0,2020,TBR,8.3
0,2020,LAD,8.1
0,2020,BAL,7.9
0,2020,TOR,7.9
0,2020,SDP,7.5
0,2020,PHI,6.6
0,2020,MIL,6.6
0,2020,CIN,5.8
0,2020,HOU,5.8
0,2020,MIN,5.4
0,2020,CHC,5.2
0,2020,ARI,5.2
0,2020,MIA,5.2
0,2020,NYY,5.1
0,2020,NYM,4.7
0,2020,KCR,4.7
0,2020,LAA,4.6
0,2020,COL,4.2
0,2020,CHW,3.4
0,2020,BOS,3.2
0,2020,SFG,1.8
0,2020,TEX,1.5
0,2020,STL,0.2
0,2020,DET,-0.3
0,2020,SEA,-0.5
0,2020,PIT,-2.7
0,2019,HOU,22.7
0,2019,WSN,22.5
0,2019,TEX,21.8
0,2019,NYM,21.0
0,2019,CHC,20.9
0,2019,TBR,19.8
0,2019,OAK,19.0
0,2019,BOS,18.4
0,2019,CLE,17.6
0,2019,CIN,16.1
0,2019,STL,15.0
0,2019,MIN,15.0
0,2019,NYY,14.7
0,2019,LAD,14.7
0,2019,ATL,13.6
0,2019,DET,12.9
0,2019,CHW,12.8
0,2019,MIL,12.4
0,2019,TOR,11.4
0,2019,PHI,9.9
0,2019,SFG,9.7
0,2019,SEA,9.0
0,2019,SDP,8.5
0,2019,COL,8.5
0,2019,ARI,8.4
0,2019,BAL,8.1
0,2019,KCR,6.5
0,2019,MIA,6.0
0,2019,PIT,5.1
0,2019,LAA,4.8
0,2018,HOU,31.7
0,2018,BOS,28.5
0,2018,PHI,25.9
0,2018,WSN,23.7
0,2018,COL,22.8
0,2018,CLE,21.3
0,2018,NYM,18.4
0,2018,CHC,17.4
0,2018,LAD,17.2
0,2018,NYY,17.1
0,2018,SEA,16.8
0,2018,OAK,14.8
0,2018,TBR,14.7
0,2018,PIT,12.9
0,2018,ATL,12.4
0,2018,TOR,11.2
0,2018,LAA,11.1
0,2018,TEX,10.8
0,2018,STL,10.3
0,2018,ARI,10.0
0,2018,MIL,9.8
0,2018,DET,9.5
0,2018,SFG,8.6
0,2018,BAL,8.3
0,2018,MIN,7.9
0,2018,CHW,6.3
0,2018,CIN,5.0
0,2018,KCR,4.4
0,2018,SDP,1.5
0,2018,MIA,-2.3
0,2017,CLE,31.5
0,2017,ARI,27.0
0,2017,WSN,26.2
0,2017,NYY,23.9
0,2017,COL,22.8
0,2017,BOS,21.7
0,2017,LAD,19.5
0,2017,KCR,18.8
0,2017,MIL,18.3
0,2017,TEX,17.3
0,2017,TOR,15.1
0,2017,SFG,14.7
0,2017,CHC,14.5
0,2017,HOU,13.9
0,2017,PHI,13.5
0,2017,STL,13.4
0,2017,PIT,12.5
0,2017,LAA,11.8
0,2017,SEA,10.0
0,2017,MIN,9.4
0,2017,DET,9.0
0,2017,OAK,8.8
0,2017,CHW,8.7
0,2017,TBR,8.3
0,2017,ATL,7.3
0,2017,BAL,7.1
0,2017,SDP,5.8
0,2017,NYM,4.2
0,2017,CIN,-2.8
0,2017,MIA,-3.9
0,2016,WSN,25.5
0,2016,CHC,23.0
0,2016,NYM,21.5
0,2016,CLE,21.2
0,2016,DET,20.2
0,2016,TOR,19.5
0,2016,SFG,18.2
0,2016,NYY,18.2
0,2016,TEX,17.9
0,2016,STL,17.4
0,2016,BAL,17.3
0,2016,LAD,17.2
0,2016,KCR,16.3
0,2016,OAK,15.7
0,2016,CHW,14.9
0,2016,BOS,13.3
0,2016,SEA,12.8
0,2016,MIL,12.5
0,2016,PIT,11.3
0,2016,TBR,10.9
0,2016,MIA,10.4
0,2016,COL,7.9
0,2016,ATL,7.0
0,2016,HOU,6.6
0,2016,PHI,6.4
0,2016,LAA,6.1
0,2016,ARI,6.0
0,2016,SDP,5.6
0,2016,MIN,3.8
0,2016,CIN,3.5
0,2015,STL,30.1
0,2015,CLE,21.8
0,2015,NYY,20.7
0,2015,NYM,20.4
0,2015,WSN,19.6
0,2015,KCR,18.6
0,2015,LAD,18.6
0,2015,PIT,18.5
0,2015,CHC,17.0
0,2015,HOU,16.8
0,2015,MIN,16.3
0,2015,TBR,15.9
0,2015,SFG,15.5
0,2015,TEX,14.6
0,2015,TOR,14.6
0,2015,BAL,14.4
0,2015,BOS,14.0
0,2015,SEA,13.6
0,2015,CHW,12.5
0,2015,LAA,10.2
0,2015,COL,9.4
0,2015,OAK,9.0
0,2015,ARI,7.0
0,2015,MIL,6.9
0,2015,ATL,6.8
0,2015,MIA,6.4
0,2015,SDP,5.9
0,2015,CIN,5.8
0,2015,PHI,5.6
0,2015,DET,2.1
0,2014,WSN,24.1
0,2014,CLE,24.1
0,2014,KCR,21.8
0,2014,SEA,19.4
0,2014,OAK,18.2
0,2014,ATL,17.9
0,2014,TBR,17.7
0,2014,LAD,17.4
0,2014,DET,17.3
0,2014,CHC,16.7
0,2014,BAL,16.3
0,2014,LAA,15.4
0,2014,PHI,15.0
0,2014,STL,14.2
0,2014,MIA,13.8
0,2014,NYY,13.6
0,2014,MIL,13.1
0,2014,SDP,13.1
0,2014,CIN,12.7
0,2014,SFG,12.3
0,2014,TOR,12.3
0,2014,MIN,10.0
0,2014,PIT,9.3
0,2014,NYM,8.8
0,2014,CHW,8.3
0,2014,TEX,8.1
0,2014,HOU,6.2
0,2014,BOS,5.1
0,2014,COL,3.8
0,2014,ARI,2.2
0,2013,DET,27.9
0,2013,STL,22.8
0,2013,OAK,21.1
0,2013,ATL,20.8
0,2013,CHW,20.5
0,2013,LAD,20.0
0,2013,CIN,19.6
0,2013,TEX,19.2
0,2013,MIA,18.2
0,2013,COL,18.1
0,2013,KCR,17.8
0,2013,NYY,15.3
0,2013,BOS,14.8
0,2013,PIT,14.5
0,2013,WSN,13.4
0,2013,TBR,12.9
0,2013,CLE,11.7
0,2013,SEA,11.3
0,2013,CHC,11.1
0,2013,PHI,11.1
0,2013,LAA,10.6
0,2013,BAL,10.4
0,2013,TOR,9.1
0,2013,MIN,7.6
0,2013,NYM,7.3
0,2013,ARI,5.2
0,2013,MIL,4.9
0,2013,SDP,4.7
0,2013,HOU,3.6
0,2013,SFG,3.5
0,2012,DET,25.9
0,2012,WSN,25.0
0,2012,TBR,24.0
0,2012,OAK,23.4
0,2012,BAL,22.6
0,2012,CIN,22.6
0,2012,LAD,21.9
0,2012,CHW,21.6
0,2012,TEX,21.2
0,2012,NYY,21.1
0,2012,SEA,18.8
0,2012,MIA,16.0
0,2012,COL,14.8
0,2012,KCR,14.8
0,2012,PHI,12.3
0,2012,ATL,11.8
0,2012,STL,11.8
0,2012,ARI,11.4
0,2012,NYM,10.6
0,2012,PIT,10.5
0,2012,SFG,8.5
0,2012,HOU,7.0
0,2012,LAA,6.7
0,2012,TOR,6.2
0,2012,MIL,5.8
0,2012,CHC,5.3
0,2012,SDP,4.2
0,2012,CLE,2.8
0,2012,MIN,0.6
0,2012,BOS,0.1
0,2011,PHI,36.7
0,2011,NYY,23.2
0,2011,CHW,21.6
0,2011,TEX,20.9
0,2011,OAK,20.2
0,2011,ATL,17.3
0,2011,FLA,16.8
0,2011,TBR,16.7
0,2011,TOR,16.6
0,2011,LAD,16.1
0,2011,MIL,16.1
0,2011,SFG,15.1
0,2011,LAA,15.0
0,2011,BOS,13.6
0,2011,DET,13.4
0,2011,COL,12.4
0,2011,SEA,12.4
0,2011,WSN,12.2
0,2011,CLE,12.1
0,2011,SDP,10.9
0,2011,PIT,9.9
0,2011,STL,9.7
0,2011,KCR,9.7
0,2011,ARI,9.6
0,2011,MIN,9.3
0,2011,NYM,6.7
0,2011,CHC,6.3
0,2011,CIN,5.5
0,2011,BAL,4.9
0,2011,HOU,-2.0
0,2010,CHW,24.6
0,2010,TEX,22.9
0,2010,PHI,21.9
0,2010,SFG,20.1
0,2010,MIN,18.8
0,2010,ATL,17.1
0,2010,LAD,16.9
0,2010,COL,16.7
0,2010,TOR,15.7
0,2010,OAK,15.6
0,2010,NYM,15.0
0,2010,NYY,14.9
0,2010,BOS,14.8
0,2010,FLA,14.3
0,2010,LAA,14.2
0,2010,SDP,14.0
0,2010,STL,13.5
0,2010,KCR,13.2
0,2010,HOU,13.2
0,2010,TBR,12.7
0,2010,CHC,12.6
0,2010,SEA,12.5
0,2010,BAL,12.0
0,2010,CIN,10.6
0,2010,DET,9.0
0,2010,CLE,8.6
0,2010,WSN,6.3
0,2010,PIT,2.5
0,2010,MIL,2.0
0,2010,ARI,1.3
0,2009,SFG,25.9
0,2009,CHW,25.1
0,2009,CHC,24.8
0,2009,ATL,24.7
0,2009,BOS,24.1
0,2009,NYY,23.0
0,2009,TEX,20.0
0,2009,COL,19.6
0,2009,LAD,19.5
0,2009,MIN,18.1
0,2009,STL,17.0
0,2009,OAK,16.8
0,2009,KCR,16.7
0,2009,FLA,15.7
0,2009,DET,13.7
0,2009,SEA,12.4
0,2009,PHI,11.9
0,2009,TBR,10.6
0,2009,CIN,10.5
0,2009,TOR,10.4
0,2009,ARI,10.2
0,2009,BAL,9.2
0,2009,NYM,6.6
0,2009,LAA,6.5
0,2009,HOU,6.3
0,2009,CLE,2.4
0,2009,SDP,2.3
0,2009,WSN,2.2
0,2009,PIT,1.4
0,2009,MIL,0.5
0,2008,CHC,29.1
0,2008,CHW,25.8
0,2008,BOS,23.4
0,2008,TOR,23.2
0,2008,TBR,22.8
0,2008,ARI,22.6
0,2008,NYY,22.2
0,2008,LAA,21.6
0,2008,LAD,20.9
0,2008,KCR,20.8
0,2008,MIN,16.0
0,2008,MIL,15.1
0,2008,SFG,14.3
0,2008,NYM,14.2
0,2008,COL,13.0
0,2008,OAK,13.0
0,2008,PHI,12.7
0,2008,CIN,12.1
0,2008,HOU,10.8
0,2008,DET,9.5
0,2008,FLA,9.1
0,2008,CLE,9.0
0,2008,STL,8.1
0,2008,WSN,4.9
0,2008,ATL,4.3
0,2008,SEA,3.8
0,2008,SDP,3.8
0,2008,BAL,2.8
0,2008,PIT,0.7
0,2008,TEX,-3.5
0,2007,BOS,31.0
0,2007,CLE,23.3
0,2007,LAA,19.8
0,2007,CHW,19.6
0,2007,SDP,18.9
0,2007,ARI,18.8
0,2007,CHC,18.6
0,2007,LAD,18.1
0,2007,COL,17.9
0,2007,SFG,17.0
0,2007,NYY,16.1
0,2007,TOR,15.5
0,2007,MIN,15.3
0,2007,SEA,14.6
0,2007,HOU,14.2
0,2007,KCR,12.6
0,2007,MIL,11.8
0,2007,NYM,11.5
0,2007,CIN,10.9
0,2007,ATL,10.5
0,2007,OAK,10.2
0,2007,WSN,9.3
0,2007,BAL,9.2
0,2007,DET,8.3
0,2007,TEX,8.1
0,2007,TBD,6.7
0,2007,PIT,5.6
0,2007,FLA,5.3
0,2007,PHI,5.2
0,2007,STL,4.0
0,2006,MIN,23.3
0,2006,NYY,22.3
0,2006,CHW,22.0
0,2006,LAA,22.0
0,2006,DET,21.4
0,2006,BOS,19.1
0,2006,OAK,18.6
0,2006,CIN,18.4
0,2006,LAD,17.9
0,2006,ARI,16.1
0,2006,PHI,15.3
0,2006,COL,15.1
0,2006,FLA,15.0
0,2006,CLE,15.0
0,2006,NYM,14.7
0,2006,SDP,14.7
0,2006,HOU,13.8
0,2006,PIT,13.7
0,2006,TEX,12.8
0,2006,TOR,12.2
0,2006,TBD,10.6
0,2006,ATL,9.9
0,2006,CHC,9.9
0,2006,SEA,9.0
0,2006,SFG,8.2
0,2006,STL,7.4
0,2006,BAL,5.0
0,2006,WSN,4.1
0,2006,MIL,3.9
0,2006,KCR,-3.4
0,2005,CHW,26.0
0,2005,MIN,23.5
0,2005,HOU,23.2
0,2005,LAA,22.5
0,2005,OAK,22.1
0,2005,NYY,22.0
0,2005,NYM,22.0
0,2005,WSN,19.4
0,2005,CHC,19.1
0,2005,STL,18.3
0,2005,BOS,17.5
0,2005,FLA,17.3
0,2005,TOR,17.0
0,2005,CLE,16.4
0,2005,MIL,16.0
0,2005,SFG,14.6
0,2005,ATL,13.2
0,2005,TEX,12.0
0,2005,SEA,11.9
0,2005,SDP,9.4
0,2005,BAL,8.6
0,2005,COL,7.0
0,2005,PIT,6.3
0,2005,KCR,6.0
0,2005,DET,5.5
0,2005,PHI,4.9
0,2005,LAD,4.1
0,2005,ARI,2.9
0,2005,CIN,0.6
0,2005,TBD,-1.3
0,2004,MIN,27.9
0,2004,CHC,25.8
0,2004,TEX,24.0
0,2004,BOS,23.6
0,2004,OAK,21.8
0,2004,NYY,20.3
0,2004,NYM,18.6
0,2004,ANA,18.2
0,2004,SFG,16.5
0,2004,STL,15.9
0,2004,PIT,14.7
0,2004,ATL,14.4
0,2004,HOU,14.4
0,2004,MIL,14.3
0,2004,BAL,13.6
0,2004,SDP,13.0
0,2004,LAD,12.7
0,2004,FLA,11.8
0,2004,PHI,11.0
0,2004,TOR,10.6
0,2004,CHW,10.4
0,2004,SEA,10.0
0,2004,COL,9.3
0,2004,MON,8.4
0,2004,DET,8.4
0,2004,TBD,7.3
0,2004,KCR,7.0
0,2004,CLE,5.7
0,2004,ARI,4.8
0,2004,CIN,-7.3
0,2003,ARI,27.8
0,2003,OAK,27.8
0,2003,CHC,26.6
0,2003,NYY,25.6
0,2003,SEA,21.3
0,2003,LAD,21.2
0,2003,MON,20.4
0,2003,CHW,20.1
0,2003,BOS,19.4
0,2003,FLA,19.3
0,2003,TOR,17.7
0,2003,MIN,17.4
0,2003,KCR,16.3
0,2003,SFG,15.1
0,2003,BAL,14.4
0,2003,NYM,14.4
0,2003,HOU,13.9
0,2003,ANA,13.5
0,2003,CLE,11.7
0,2003,ATL,9.5
0,2003,PIT,9.1
0,2003,PHI,8.9
0,2003,STL,8.5
0,2003,MIL,6.5
0,2003,TBD,5.6
0,2003,COL,3.9
0,2003,TEX,-0.2
0,2003,DET,-0.9
0,2003,SDP,-2.3
0,2003,CIN,-4.8
0,2002,NYY,28.5
0,2002,ARI,28.4
0,2002,OAK,26.9
0,2002,ATL,23.1
0,2002,HOU,22.2
0,2002,SEA,20.1
0,2002,BOS,19.8
0,2002,MIN,18.4
0,2002,ANA,18.1
0,2002,SFG,16.4
0,2002,LAD,14.4
0,2002,MON,14.3
0,2002,NYM,13.9
0,2002,KCR,13.6
0,2002,TOR,12.8
0,2002,STL,12.4
0,2002,CHC,12.2
0,2002,CLE,12.1
0,2002,BAL,10.9
0,2002,TEX,10.8
0,2002,PIT,9.7
0,2002,CIN,9.0
0,2002,CHW,8.8
0,2002,DET,7.0
0,2002,SDP,6.6
0,2002,FLA,6.2
0,2002,PHI,3.8
0,2002,COL,3.5
0,2002,MIL,2.6
0,2002,TBD,1.9
0,2001,NYY,26.7
0,2001,OAK,26.6
0,2001,ARI,25.7
0,2001,BOS,22.4
0,2001,TOR,19.4
0,2001,ANA,19.0
0,2001,ATL,18.4
0,2001,HOU,17.6
0,2001,SEA,16.8
0,2001,CHC,16.5
0,2001,CHW,15.8
0,2001,CLE,15.7
0,2001,MIN,15.2
0,2001,LAD,14.1
0,2001,STL,13.7
0,2001,SFG,12.2
0,2001,CIN,11.7
0,2001,NYM,11.7
0,2001,MON,11.6
0,2001,COL,9.4
0,2001,KCR,8.9
0,2001,SDP,8.1
0,2001,PHI,7.8
0,2001,FLA,7.0
0,2001,BAL,6.5
0,2001,MIL,6.4
0,2001,TEX,6.3
0,2001,PIT,5.8
0,2001,DET,5.8
0,2001,TBD,4.9
0,2000,BOS,25.5
0,2000,MIN,23.0
0,2000,ARI,19.8
0,2000,CLE,19.4
0,2000,CHW,18.9
0,2000,OAK,18.9
0,2000,NYY,18.3
0,2000,COL,17.8
0,2000,ATL,17.3
0,2000,NYM,16.4
0,2000,LAD,15.6
0,2000,CIN,15.4
0,2000,TBD,14.3
0,2000,SFG,13.8
0,2000,DET,13.0
0,2000,SEA,12.7
0,2000,STL,12.6
0,2000,TOR,12.2
0,2000,TEX,11.7
0,2000,PIT,10.7
0,2000,PHI,9.5
0,2000,FLA,9.2
0,2000,MIL,9.1
0,2000,SDP,8.9
0,2000,MON,8.8
0,2000,ANA,8.2
0,2000,HOU,8.1
0,2000,BAL,7.7
0,2000,KCR,6.1
0,2000,CHC,4.3
0,1999,NYY,25.3
0,1999,BOS,25.0
0,1999,ATL,24.8
0,1999,ARI,23.2
0,1999,HOU,22.5
0,1999,COL,21.6
0,1999,MIN,20.5
0,1999,SEA,18.8
0,1999,NYM,17.7
0,1999,TEX,17.3
0,1999,CHW,16.5
0,1999,OAK,14.6
0,1999,TBD,13.9
0,1999,CIN,12.9
0,1999,CLE,12.5
0,1999,PIT,12.4
0,1999,TOR,12.2
0,1999,LAD,11.0
0,1999,SFG,10.8
0,1999,ANA,10.6
0,1999,BAL,10.2
0,1999,DET,9.0
0,1999,MON,8.8
0,1999,PHI,8.6
0,1999,SDP,6.8
0,1999,STL,6.7
0,1999,MIL,6.4
0,1999,KCR,3.9
0,1999,FLA,3.5
0,1999,CHC,-0.4
0,1998,MIN,27.5
0,1998,ANA,26.1
0,1998,SDP,25.5
0,1998,HOU,24.5
0,1998,NYY,23.2
0,1998,NYM,22.4
0,1998,LAD,20.3
0,1998,ATL,19.7
0,1998,TOR,19.6
0,1998,PIT,18.5
0,1998,CLE,17.9
0,1998,BOS,16.7
0,1998,BAL,15.8
0,1998,COL,15.6
0,1998,TBD,14.4
0,1998,OAK,14.1
0,1998,CHC,13.8
0,1998,SFG,10.3
0,1998,TEX,9.7
0,1998,CIN,9.7
0,1998,SEA,9.0
0,1998,STL,8.7
0,1998,KCR,8.3
0,1998,DET,6.6
0,1998,PHI,5.3
0,1998,ARI,4.5
0,1998,MON,3.6
0,1998,MIL,3.3
0,1998,CHW,1.4
0,1998,FLA,-7.9
0,1997,NYY,32.7
0,1997,TOR,26.1
0,1997,ATL,25.4
0,1997,BAL,24.4
0,1997,DET,21.5
0,1997,LAD,21.4
0,1997,PIT,20.7
0,1997,FLA,17.5
0,1997,MIL,15.5
0,1997,ANA,15.4
0,1997,TEX,14.8
0,1997,CIN,14.2
0,1997,STL,12.3
0,1997,COL,12.1
0,1997,CLE,11.1
0,1997,MON,10.9
0,1997,HOU,10.1
0,1997,NYM,9.9
0,1997,SEA,9.4
0,1997,MIN,9.1
0,1997,CHW,9.0
0,1997,KCR,8.2
0,1997,BOS,7.0
0,1997,CHC,6.4
0,1997,OAK,6.1
0,1997,SDP,5.5
0,1997,PHI,2.8
0,1997,SFG,2.0
0,1996,ATL,27.3
0,1996,NYY,25.1
0,1996,MON,22.8
0,1996,SDP,22.1
0,1996,TOR,21.9
0,1996,LAD,21.5
0,1996,CLE,21.2
0,1996,TEX,21.1
0,1996,KCR,20.2
0,1996,CHW,19.0
0,1996,BOS,17.7
0,1996,OAK,17.3
0,1996,CIN,16.0
0,1996,BAL,13.9
0,1996,MIL,13.1
0,1996,PIT,12.5
0,1996,FLA,11.8
0,1996,STL,11.7
0,1996,PHI,10.6
0,1996,COL,8.5
0,1996,CAL,8.3
0,1996,MIN,7.9
0,1996,CHC,5.4
0,1996,HOU,2.9
0,1996,SEA,2.9
0,1996,DET,1.2
0,1996,NYM,-1.9
0,1996,SFG,-2.7
0,1995,CLE,26.4
0,1995,ATL,24.6
0,1995,COL,22.8
0,1995,BAL,18.3
0,1995,TOR,17.4
0,1995,SEA,15.7
0,1995,NYY,15.5
0,1995,SDP,15.3
0,1995,NYM,15.3
0,1995,TEX,14.7
0,1995,KCR,14.5
0,1995,MON,14.4
0,1995,CAL,14.2
0,1995,MIL,13.7
0,1995,BOS,12.1
0,1995,LAD,10.9
0,1995,PHI,10.5
0,1995,CIN,9.8
0,1995,CHW,9.3
0,1995,HOU,9.2
0,1995,DET,8.9
0,1995,FLA,8.6
0,1995,CHC,7.9
0,1995,PIT,7.2
0,1995,OAK,6.8
0,1995,STL,6.8
0,1995,MIN,-0.3
0,1995,SFG,-11.2
0,1994,KCR,21.5
0,1994,SDP,18.6
0,1994,TOR,16.6
0,1994,CHW,16.6
0,1994,PHI,15.8
0,1994,BAL,15.4
0,1994,ATL,15.0
0,1994,NYY,13.8
0,1994,MON,13.8
0,1994,LAD,13.7
0,1994,CIN,13.4
0,1994,CLE,13.4
0,1994,MIL,12.3
0,1994,BOS,10.5
0,1994,NYM,10.0
0,1994,COL,9.1
0,1994,SEA,7.5
0,1994,DET,6.9
0,1994,HOU,5.6
0,1994,CAL,5.4
0,1994,TEX,5.4
0,1994,CHC,4.9
0,1994,SFG,4.7
0,1994,OAK,3.9
0,1994,FLA,2.1
0,1994,PIT,1.5
0,1994,MIN,-0.1
0,1994,STL,-6.5
0,1993,KCR,27.7
0,1993,LAD,25.6
0,1993,CAL,23.2
0,1993,BOS,21.9
0,1993,MON,20.1
0,1993,SDP,20.0
0,1993,CHW,19.3
0,1993,ATL,18.9
0,1993,FLA,18.2
0,1993,TOR,16.7
0,1993,SEA,16.0
0,1993,MIN,14.4
0,1993,SFG,13.8
0,1993,BAL,12.7
0,1993,TEX,12.6
0,1993,HOU,12.5
0,1993,PHI,12.3
0,1993,CLE,10.9
0,1993,NYM,9.6
0,1993,CIN,9.6
0,1993,MIL,9.4
0,1993,DET,9.3
0,1993,STL,9.3
0,1993,NYY,8.7
0,1993,OAK,7.8
0,1993,PIT,2.1
0,1993,COL,0.3
0,1993,CHC,0.2
0,1992,BOS,26.9
0,1992,MIL,23.2
0,1992,KCR,22.4
0,1992,BAL,21.0
0,1992,LAD,21.0
0,1992,MON,18.2
0,1992,MIN,17.8
0,1992,CIN,17.5
0,1992,CAL,17.2
0,1992,ATL,16.0
0,1992,CHC,15.2
0,1992,TOR,15.1
0,1992,NYM,15.1
0,1992,TEX,13.7
0,1992,PIT,13.6
0,1992,STL,13.0
0,1992,NYY,12.4
0,1992,OAK,11.3
0,1992,CHW,10.7
0,1992,CLE,10.7
0,1992,SEA,8.6
0,1992,SDP,5.4
0,1992,SFG,3.7
0,1992,HOU,3.6
0,1992,PHI,2.0
0,1992,DET,-0.3
0,1991,ATL,31.1
0,1991,CAL,26.8
0,1991,TOR,26.0
0,1991,LAD,24.6
0,1991,SEA,23.9
0,1991,MIN,20.8
0,1991,KCR,19.6
0,1991,NYM,19.1
0,1991,CLE,15.1
0,1991,BOS,15.0
0,1991,NYY,14.1
0,1991,PIT,13.6
0,1991,MIL,13.5
0,1991,PHI,12.5
0,1991,CIN,12.3
0,1991,CHW,12.2
0,1991,STL,10.8
0,1991,MON,10.2
0,1991,SDP,9.2
0,1991,TEX,8.6
0,1991,CHC,6.5
0,1991,SFG,3.9
0,1991,BAL,2.3
0,1991,DET,1.9
0,1991,OAK,1.4
0,1991,HOU,0.1
0,1990,BOS,27.1
0,1990,CIN,25.2
0,1990,NYM,20.6
0,1990,TOR,19.9
0,1990,SDP,19.7
0,1990,MON,18.9
0,1990,CAL,17.8
0,1990,KCR,17.8
0,1990,HOU,16.2
0,1990,MIN,16.1
0,1990,CHC,15.9
0,1990,CHW,15.0
0,1990,OAK,14.6
0,1990,TEX,13.8
0,1990,SEA,13.3
0,1990,PIT,11.0
0,1990,DET,10.5
0,1990,MIL,10.0
0,1990,BAL,9.2
0,1990,LAD,8.8
0,1990,CLE,8.2
0,1990,NYY,7.5
0,1990,STL,6.4
0,1990,SFG,5.8
0,1990,ATL,4.7
0,1990,PHI,1.3
0,1989,KCR,27.2
0,1989,SDP,25.4
0,1989,LAD,23.3
0,1989,CLE,22.1
0,1989,CAL,21.7
0,1989,OAK,21.3
0,1989,CHC,19.7
0,1989,MON,19.2
0,1989,MIL,18.6
0,1989,MIN,15.7
0,1989,CIN,14.8
0,1989,TEX,14.2
0,1989,TOR,14.2
0,1989,BOS,13.8
0,1989,SEA,12.7
0,1989,BAL,10.7
0,1989,NYM,9.4
0,1989,PHI,8.0
0,1989,SFG,7.9
0,1989,STL,7.9
0,1989,CHW,7.7
0,1989,ATL,6.8
0,1989,HOU,5.6
0,1989,PIT,4.5
0,1989,DET,1.4
0,1989,NYY,-0.5
0,1988,NYM,24.5
0,1988,KCR,22.2
0,1988,MIL,21.1
0,1988,LAD,20.2
0,1988,OAK,19.4
0,1988,MIN,17.7
0,1988,CLE,17.5
0,1988,BOS,16.2
0,1988,STL,15.4
0,1988,MON,15.4
0,1988,SDP,14.8
0,1988,SEA,14.5
0,1988,HOU,13.3
0,1988,CHC,13.0
0,1988,DET,12.8
0,1988,CIN,12.2
0,1988,ATL,11.3
0,1988,NYY,10.7
0,1988,TOR,10.5
0,1988,TEX,8.8
0,1988,PHI,8.4
0,1988,CHW,7.7
0,1988,SFG,7.3
0,1988,PIT,6.9
0,1988,CAL,6.7
0,1988,BAL,4.8
0,1987,KCR,28.1
0,1987,LAD,24.8
0,1987,TOR,24.4
0,1987,STL,19.3
0,1987,MIL,18.8
0,1987,SEA,18.8
0,1987,MON,18.5
0,1987,HOU,17.6
0,1987,CHC,17.1
0,1987,DET,15.2
0,1987,NYY,14.6
0,1987,SFG,13.6
0,1987,BOS,13.1
0,1987,CIN,13.0
0,1987,MIN,12.9
0,1987,PHI,12.3
0,1987,NYM,11.9
0,1987,CHW,11.1
0,1987,TEX,10.9
0,1987,OAK,10.1
0,1987,ATL,8.5
0,1987,CAL,8.1
0,1987,PIT,5.2
0,1987,BAL,3.8
0,1987,SDP,1.7
0,1987,CLE,1.4
0,1986,MIL,25.0
0,1986,KCR,20.8
0,1986,NYM,20.5
0,1986,BOS,19.1
0,1986,HOU,17.7
0,1986,TOR,17.7
0,1986,ATL,17.3
0,1986,TEX,16.3
0,1986,LAD,15.8
0,1986,CHW,15.1
0,1986,MON,14.8
0,1986,SEA,13.9
0,1986,CHC,13.8
0,1986,CIN,13.1
0,1986,NYY,13.1
0,1986,PHI,12.9
0,1986,CAL,12.8
0,1986,BAL,12.0
0,1986,DET,10.3
0,1986,STL,10.1
0,1986,SFG,9.0
0,1986,PIT,8.7
0,1986,SDP,8.7
0,1986,MIN,7.0
0,1986,CLE,6.5
0,1986,OAK,1.8
0,1985,KCR,26.0
0,1985,NYM,25.5
0,1985,TOR,23.8
0,1985,BOS,21.1
0,1985,CHW,20.2
0,1985,LAD,18.0
0,1985,PHI,17.3
0,1985,NYY,16.7
0,1985,STL,16.0
0,1985,CAL,15.0
0,1985,DET,14.5
0,1985,CHC,14.0
0,1985,SFG,13.2
0,1985,MON,12.7
0,1985,SDP,12.3
0,1985,CIN,12.2
0,1985,TEX,11.4
0,1985,PIT,10.7
0,1985,MIL,9.8
0,1985,SEA,8.9
0,1985,HOU,8.3
0,1985,MIN,8.2
0,1985,BAL,7.5
0,1985,OAK,5.1
0,1985,ATL,4.2
0,1985,CLE,3.1
0,1984,PIT,22.7
0,1984,LAD,21.5
0,1984,NYY,20.1
0,1984,TEX,19.5
0,1984,CAL,17.9
0,1984,ATL,17.6
0,1984,CHC,17.4
0,1984,TOR,16.0
0,1984,DET,15.1
0,1984,CLE,15.0
0,1984,CHW,14.7
0,1984,MIL,13.9
0,1984,BOS,13.8
0,1984,CIN,13.1
0,1984,NYM,12.9
0,1984,SDP,12.2
0,1984,MON,12.0
0,1984,KCR,11.6
0,1984,SEA,11.2
0,1984,HOU,10.6
0,1984,BAL,10.5
0,1984,PHI,10.2
0,1984,MIN,9.6
0,1984,STL,9.5
0,1984,SFG,4.5
0,1984,OAK,2.3
0,1983,LAD,24.2
0,1983,PHI,23.1
0,1983,TEX,21.1
0,1983,ATL,20.8
0,1983,SEA,19.3
0,1983,BAL,18.4
0,1983,CHW,18.0
0,1983,PIT,18.0
0,1983,NYY,17.8
0,1983,CLE,16.4
0,1983,BOS,16.0
0,1983,CAL,13.4
0,1983,CHC,13.0
0,1983,TOR,12.4
0,1983,KCR,12.3
0,1983,SFG,12.0
0,1983,NYM,11.9
0,1983,MIL,10.8
0,1983,MON,10.7
0,1983,SDP,9.9
0,1983,CIN,8.4
0,1983,DET,8.1
0,1983,HOU,6.0
0,1983,STL,5.7
0,1983,MIN,5.0
0,1983,OAK,2.6
0,1982,TOR,23.4
0,1982,NYY,23.4
0,1982,SEA,23.0
0,1982,CIN,22.3
0,1982,BOS,21.2
0,1982,CHW,19.1
0,1982,CLE,17.4
0,1982,MON,17.3
0,1982,LAD,16.6
0,1982,SFG,15.8
0,1982,PHI,14.9
0,1982,PIT,14.1
0,1982,NYM,14.0
0,1982,BAL,13.4
0,1982,CAL,13.2
0,1982,ATL,13.0
0,1982,CHC,11.2
0,1982,TEX,10.7
0,1982,HOU,10.4
0,1982,STL,10.1
0,1982,KCR,9.4
0,1982,DET,8.9
0,1982,MIL,8.7
0,1982,SDP,4.3
0,1982,MIN,-0.1
0,1982,OAK,-0.2
0,1981,LAD,16.8
0,1981,NYY,16.4
0,1981,HOU,15.8
0,1981,CLE,14.8
0,1981,MIN,12.4
0,1981,SFG,11.8
0,1981,PIT,11.1
0,1981,TOR,9.6
0,1981,CHC,9.4
0,1981,ATL,9.0
0,1981,MON,9.0
0,1981,BAL,8.8
0,1981,KCR,8.8
0,1981,DET,8.4
0,1981,CAL,8.4
0,1981,BOS,7.8
0,1981,SEA,7.5
0,1981,NYM,7.5
0,1981,CHW,7.4
0,1981,PHI,6.2
0,1981,OAK,5.6
0,1981,TEX,5.3
0,1981,CIN,5.2
0,1981,MIL,5.2
0,1981,SDP,4.4
0,1981,STL,2.7
0,1980,PHI,21.7
0,1980,NYY,20.3
0,1980,CHC,20.2
0,1980,BAL,18.5
0,1980,SFG,17.6
0,1980,HOU,17.0
0,1980,MIN,16.8
0,1980,MON,16.7
0,1980,TEX,16.4
0,1980,TOR,16.3
0,1980,CHW,15.8
0,1980,LAD,15.1
0,1980,PIT,14.5
0,1980,KCR,13.5
0,1980,DET,13.3
0,1980,BOS,12.3
0,1980,MIL,11.3
0,1980,CLE,10.1
0,1980,SEA,9.7
0,1980,ATL,9.1
0,1980,CIN,9.1
0,1980,OAK,9.0
0,1980,SDP,8.4
0,1980,NYM,8.2
0,1980,CAL,7.8
0,1980,STL,5.5
0,1979,CHC,25.7
0,1979,MIN,21.7
0,1979,BAL,21.2
0,1979,PIT,19.5
0,1979,MON,18.5
0,1979,DET,18.3
0,1979,BOS,18.0
0,1979,NYY,17.5
0,1979,HOU,16.9
0,1979,MIL,16.3
0,1979,ATL,15.5
0,1979,CLE,14.6
0,1979,TEX,14.1
0,1979,CIN,13.6
0,1979,CAL,13.0
0,1979,NYM,12.7
0,1979,CHW,12.4
0,1979,OAK,12.1
0,1979,SEA,12.0
0,1979,STL,10.4
0,1979,LAD,7.5
0,1979,SFG,6.2
0,1979,KCR,5.3
0,1979,SDP,4.5
0,1979,TOR,4.2
0,1979,PHI,3.3
0,1978,BOS,26.7
0,1978,NYY,19.8
0,1978,PIT,19.7
0,1978,DET,18.5
0,1978,TEX,17.4
0,1978,SFG,17.4
0,1978,MIN,17.2
0,1978,ATL,17.0
0,1978,CAL,16.5
0,1978,LAD,16.3
0,1978,MIL,15.5
0,1978,CHC,15.5
0,1978,SDP,14.9
0,1978,OAK,14.8
0,1978,CLE,13.9
0,1978,KCR,12.9
0,1978,STL,12.0
0,1978,HOU,11.6
0,1978,BAL,10.6
0,1978,PHI,9.4
0,1978,TOR,9.1
0,1978,CIN,8.0
0,1978,CHW,7.9
0,1978,NYM,7.6
0,1978,MON,5.3
0,1978,SEA,0.2
0,1977,CHC,27.4
0,1977,LAD,24.2
0,1977,BOS,20.6
0,1977,ATL,20.3
0,1977,CHW,20.0
0,1977,KCR,19.2
0,1977,DET,19.1
0,1977,CAL,18.9
0,1977,TEX,17.7
0,1977,PIT,17.1
0,1977,NYY,16.0
0,1977,SFG,15.8
0,1977,OAK,14.2
0,1977,BAL,13.3
0,1977,CLE,12.4
0,1977,NYM,12.1
0,1977,TOR,10.8
0,1977,MIL,10.6
0,1977,PHI,10.4
0,1977,HOU,10.4
0,1977,CIN,8.5
0,1977,STL,8.2
0,1977,MIN,6.5
0,1977,MON,4.3
0,1977,SEA,1.6
0,1977,SDP,-4.6
0,1976,ATL,22.5
0,1976,CLE,18.9
0,1976,NYM,18.8
0,1976,PHI,18.7
0,1976,BOS,18.0
0,1976,SFG,17.8
0,1976,OAK,17.8
0,1976,TEX,16.8
0,1976,DET,15.8
0,1976,CHC,15.1
0,1976,KCR,14.9
0,1976,LAD,14.8
0,1976,BAL,14.7
0,1976,CAL,14.2
0,1976,MIL,12.2
0,1976,PIT,11.6
0,1976,CHW,11.1
0,1976,NYY,10.3
0,1976,STL,10.3
0,1976,CIN,10.1
0,1976,MON,8.0
0,1976,MIN,6.9
0,1976,HOU,5.5
0,1976,SDP,2.1
0,1975,CHW,24.2
0,1975,KCR,20.1
0,1975,STL,19.8
0,1975,NYY,19.2
0,1975,SFG,19.0
0,1975,BAL,17.1
0,1975,PIT,16.2
0,1975,OAK,15.7
0,1975,MON,15.7
0,1975,NYM,15.5
0,1975,ATL,15.2
0,1975,SDP,14.1
0,1975,LAD,13.8
0,1975,CLE,13.5
0,1975,DET,12.8
0,1975,CAL,12.4
0,1975,TEX,11.2
0,1975,CIN,11.0
0,1975,MIN,9.8
0,1975,BOS,9.3
0,1975,MIL,6.7
0,1975,CHC,6.2
0,1975,PHI,5.3
0,1975,HOU,3.3
0,1974,NYM,24.0
0,1974,KCR,23.2
0,1974,ATL,22.0
0,1974,MIN,20.8
0,1974,CHW,17.0
0,1974,LAD,15.8
0,1974,OAK,15.3
0,1974,CHC,15.2
0,1974,NYY,15.2
0,1974,PIT,14.4
0,1974,BOS,14.2
0,1974,HOU,13.4
0,1974,BAL,13.1
0,1974,STL,13.1
0,1974,MIL,13.0
0,1974,CAL,12.7
0,1974,MON,12.1
0,1974,TEX,12.1
0,1974,SFG,9.8
0,1974,DET,9.6
0,1974,PHI,7.6
0,1974,CLE,6.1
0,1974,CIN,5.5
0,1974,SDP,1.5
0,1973,CHW,26.5
0,1973,DET,24.8
0,1973,NYM,24.4
0,1973,CHC,22.6
0,1973,STL,19.6
0,1973,NYY,17.4
0,1973,CAL,17.3
0,1973,LAD,17.1
0,1973,KCR,16.6
0,1973,MIN,16.6
0,1973,BOS,15.0
0,1973,SFG,14.0
0,1973,BAL,13.4
0,1973,PIT,11.2
0,1973,PHI,10.8
0,1973,HOU,9.7
0,1973,CLE,8.6
0,1973,CIN,7.5
0,1973,MON,7.4
0,1973,OAK,6.7
0,1973,ATL,6.7
0,1973,MIL,6.3
0,1973,TEX,3.2
0,1973,SDP,3.0
0,1972,CHW,23.9
0,1972,CHC,21.6
0,1972,NYM,18.8
0,1972,LAD,18.7
0,1972,BAL,18.6
0,1972,DET,18.2
0,1972,OAK,17.1
0,1972,CLE,16.4
0,1972,PIT,16.4
0,1972,STL,14.9
0,1972,BOS,14.0
0,1972,NYY,13.9
0,1972,KCR,13.2
0,1972,CAL,12.7
0,1972,PHI,12.1
0,1972,MIN,11.3
0,1972,HOU,10.1
0,1972,MON,9.6
0,1972,SDP,8.7
0,1972,SFG,5.6
0,1972,ATL,5.4
0,1972,TEX,5.1
0,1972,CIN,3.7
0,1972,MIL,3.1
0,1971,CHW,26.2
0,1971,CHC,26.1
0,1971,NYM,23.2
0,1971,HOU,18.2
0,1971,KCR,17.0
0,1971,SDP,17.0
0,1971,CAL,16.5
0,1971,DET,16.3
0,1971,STL,16.0
0,1971,ATL,14.8
0,1971,OAK,14.8
0,1971,BOS,14.2
0,1971,BAL,12.8
0,1971,LAD,12.4
0,1971,PIT,11.7
0,1971,MIN,10.2
0,1971,PHI,10.1
0,1971,MIL,8.7
0,1971,WSA,8.4
0,1971,CLE,8.3
0,1971,NYY,7.6
0,1971,SFG,6.6
0,1971,CIN,6.5
0,1971,MON,2.1
0,1970,CHC,24.2
0,1970,STL,23.1
0,1970,PHI,20.6
0,1970,NYY,19.5
0,1970,BAL,18.9
0,1970,MIN,18.1
0,1970,CIN,17.1
0,1970,NYM,17.0
0,1970,CLE,16.9
0,1970,OAK,16.1
0,1970,DET,14.6
0,1970,BOS,12.7
0,1970,ATL,12.3
0,1970,MIL,12.2
0,1970,KCR,12.0
0,1970,CAL,11.6
0,1970,PIT,11.4
0,1970,HOU,11.3
0,1970,LAD,9.4
0,1970,SFG,8.6
0,1970,SDP,6.4
0,1970,WSA,6.4
0,1970,CHW,6.1
0,1970,MON,0.2
0,1969,STL,28.4
0,1969,CHC,27.2
0,1969,MIN,21.3
0,1969,NYM,20.2
0,1969,DET,18.4
0,1969,BAL,17.9
0,1969,SFG,16.9
0,1969,CLE,16.5
0,1969,LAD,16.2
0,1969,HOU,15.9
0,1969,NYY,15.8
0,1969,KCR,15.3
0,1969,CHW,13.8
0,1969,CAL,10.9
0,1969,ATL,10.7
0,1969,BOS,10.1
0,1969,PHI,9.4
0,1969,SEP,8.7
0,1969,WSA,8.1
0,1969,PIT,7.8
0,1969,CIN,5.1
0,1969,OAK,5.0
0,1969,SDP,3.6
0,1969,MON,3.3
0,1968,CHW,23.0
0,1968,STL,22.1
0,1968,NYM,19.8
0,1968,MIN,18.9
0,1968,CLE,18.6
0,1968,HOU,18.4
0,1968,SFG,18.1
0,1968,NYY,17.9
0,1968,DET,16.5
0,1968,LAD,16.0
0,1968,ATL,13.1
0,1968,OAK,11.4
0,1968,PHI,11.1
0,1968,BAL,10.8
0,1968,WSA,8.8
0,1968,BOS,8.5
0,1968,CHC,7.3
0,1968,CIN,6.2
0,1968,PIT,5.3
0,1968,CAL,0.0
0,1967,CIN,30.9
0,1967,MIN,26.1
0,1967,PHI,23.0
0,1967,CLE,19.9
0,1967,SFG,18.8
0,1967,CHW,17.1
0,1967,LAD,16.0
0,1967,NYY,15.8
0,1967,STL,15.2
0,1967,BOS,13.0
0,1967,NYM,11.3
0,1967,ATL,10.5
0,1967,CHC,9.7
0,1967,BAL,9.5
0,1967,WSA,9.4
0,1967,DET,8.0
0,1967,CAL,6.3
0,1967,KCA,4.7
0,1967,HOU,3.9
0,1967,PIT,2.1
0,1966,LAD,28.8
0,1966,CLE,22.7
0,1966,SFG,20.0
0,1966,CIN,19.4
0,1966,STL,18.5
0,1966,MIN,17.7
0,1966,CHW,17.5
0,1966,BAL,15.2
0,1966,PHI,14.3
0,1966,HOU,12.2
0,1966,ATL,11.6
0,1966,NYY,11.4
0,1966,PIT,11.3
0,1966,KCA,10.6
0,1966,BOS,9.7
0,1966,CAL,9.4
0,1966,DET,7.2
0,1966,WSA,7.2
0,1966,NYM,4.2
0,1966,CHC,1.2
0,1965,SFG,25.4
0,1965,LAD,21.7
0,1965,NYY,19.5
0,1965,CAL,17.8
0,1965,CLE,17.7
0,1965,PHI,16.3
0,1965,PIT,16.0
0,1965,STL,15.0
0,1965,DET,14.8
0,1965,CIN,13.8
0,1965,BAL,12.6
0,1965,CHC,12.2
0,1965,CHW,12.1
0,1965,HOU,11.6
0,1965,MIN,10.6
0,1965,MLN,10.4
0,1965,WSA,8.2
0,1965,NYM,5.3
0,1965,BOS,5.3
0,1965,KCA,3.6
0,1964,CIN,23.1
0,1964,SFG,20.6
0,1964,NYY,20.4
0,1964,HOU,20.2
0,1964,CHW,20.1
0,1964,CLE,19.5
0,1964,LAD,17.5
0,1964,PIT,17.2
0,1964,STL,16.6
0,1964,PHI,15.6
0,1964,LAA,15.0
0,1964,BAL,14.3
0,1964,CHC,11.2
0,1964,MIN,10.3
0,1964,BOS,8.9
0,1964,NYM,5.0
0,1964,WSA,5.0
0,1964,KCA,4.1
0,1964,DET,4.0
0,1964,MLN,2.1
0,1963,CHW,22.1
0,1963,CHC,20.8
0,1963,LAD,19.8
0,1963,HOU,18.7
0,1963,KCA,17.1
0,1963,MIN,16.7
0,1963,CIN,16.1
0,1963,NYY,15.9
0,1963,PIT,15.7
0,1963,BAL,13.7
0,1963,SFG,13.5
0,1963,PHI,13.5
0,1963,STL,13.0
0,1963,CLE,12.0
0,1963,BOS,9.3
0,1963,MLN,9.2
0,1963,NYM,7.6
0,1963,LAA,7.3
0,1963,DET,6.9
0,1963,WSA,1.7
0,1962,PIT,24.4
0,1962,HOU,22.5
0,1962,DET,22.2
0,1962,STL,21.7
0,1962,CIN,20.8
0,1962,CHW,18.3
0,1962,MIN,14.8
0,1962,LAA,14.2
0,1962,MLN,14.1
0,1962,LAD,14.0
0,1962,BAL,12.4
0,1962,SFG,12.2
0,1962,WSA,11.8
0,1962,NYY,9.6
0,1962,BOS,9.2
0,1962,CHC,8.8
0,1962,PHI,8.5
0,1962,CLE,5.8
0,1962,KCA,3.4
0,1962,NYM,1.8
0,1961,LAD,22.8
0,1961,BAL,21.0
0,1961,STL,20.7
0,1961,PIT,16.6
0,1961,CHC,15.1
0,1961,MIN,15.0
0,1961,CIN,14.9
0,1961,DET,14.3
0,1961,LAA,13.3
0,1961,SFG,13.2
0,1961,CHW,12.3
0,1961,NYY,12.3
0,1961,BOS,8.5
0,1961,MLN,8.3
0,1961,CLE,7.0
0,1961,PHI,6.3
0,1961,WSA,6.3
0,1961,KCA,5.0
0,1960,STL,25.8
0,1960,LAD,21.7
0,1960,DET,20.4
0,1960,PIT,17.7
0,1960,PHI,16.3
0,1960,WSH,15.1
0,1960,SFG,13.5
0,1960,BAL,13.2
0,1960,CHW,12.8
0,1960,KCA,10.5
0,1960,CIN,10.3
0,1960,BOS,9.7
0,1960,MLN,6.4
0,1960,CLE,6.0
0,1960,NYY,4.0
0,1960,CHC,1.9
0,1959,LAD,21.4
0,1959,BAL,18.5
0,1959,WSH,17.0
0,1959,CHW,16.5
0,1959,STL,16.0
0,1959,MLN,14.7
0,1959,SFG,14.6
0,1959,PIT,12.9
0,1959,NYY,12.4
0,1959,PHI,12.3
0,1959,BOS,9.2
0,1959,CIN,8.6
0,1959,KCA,8.4
0,1959,CHC,8.3
0,1959,CLE,7.8
0,1959,DET,7.6
0,1958,CIN,24.3
0,1958,BAL,19.4
0,1958,DET,17.2
0,1958,MLN,16.5
0,1958,PHI,14.9
0,1958,STL,13.6
0,1958,PIT,11.6
0,1958,CLE,10.9
0,1958,LAD,10.8
0,1958,WSH,10.7
0,1958,SFG,10.5
0,1958,CHW,9.9
0,1958,NYY,9.5
0,1958,KCA,9.0
0,1958,BOS,8.3
0,1958,CHC,7.1
0,1957,BRO,24.4
0,1957,PHI,19.4
0,1957,NYY,17.8
0,1957,DET,16.6
0,1957,CHW,14.8
0,1957,NYG,14.8
0,1957,STL,14.2
0,1957,CHC,13.7
0,1957,BAL,11.7
0,1957,MLN,11.0
0,1957,BOS,9.8
0,1957,KCA,8.9
0,1957,CLE,7.8
0,1957,WSH,7.2
0,1957,PIT,6.0
0,1957,CIN,5.5
0,1956,CLE,27.0
0,1956,CHW,17.4
0,1956,PIT,17.2
0,1956,CIN,16.2
0,1956,NYG,16.2
0,1956,BRO,15.3
0,1956,DET,14.5
0,1956,MLN,14.5
0,1956,NYY,11.8
0,1956,BAL,11.5
0,1956,BOS,11.2
0,1956,PHI,10.7
0,1956,CHC,9.3
0,1956,STL,9.2
0,1956,KCA,2.1
0,1956,WSH,-0.9
0,1955,CLE,25.6
0,1955,NYG,19.6
0,1955,CHW,19.0
0,1955,PIT,16.5
0,1955,CIN,15.6
0,1955,BOS,15.5
0,1955,PHI,14.9
0,1955,BRO,13.6
0,1955,CHC,13.0
0,1955,MLN,12.0
0,1955,DET,11.5
0,1955,NYY,8.7
0,1955,STL,8.1
0,1955,BAL,8.0
0,1955,WSH,6.0
0,1955,KCA,-3.6
0,1954,CLE,26.4
0,1954,NYG,25.9
0,1954,MLN,24.3
0,1954,PHI,18.7
0,1954,CHW,17.2
0,1954,CHC,14.0
0,1954,BAL,13.3
0,1954,NYY,12.3
0,1954,BOS,11.9
0,1954,CIN,11.1
0,1954,DET,9.7
0,1954,BRO,8.0
0,1954,WSH,7.6
0,1954,PIT,5.9
0,1954,STL,3.8
0,1954,PHA,-2.4
0,1953,MLN,24.3
0,1953,CHW,17.8
0,1953,BOS,17.5
0,1953,PHI,16.7
0,1953,STL,16.4
0,1953,NYG,14.4
0,1953,CHC,14.0
0,1953,SLB,13.2
0,1953,NYY,12.6
0,1953,PHA,12.1
0,1953,WSH,11.2
0,1953,BRO,11.1
0,1953,CLE,11.0
0,1953,CIN,7.6
0,1953,PIT,3.5
0,1953,DET,1.9
0,1952,CHW,21.5
0,1952,CHC,21.1
0,1952,PHI,20.4
0,1952,WSH,18.7
0,1952,BSN,17.0
0,1952,BRO,13.9
0,1952,CIN,13.4
0,1952,BOS,12.1
0,1952,CLE,10.9
0,1952,STL,10.2
0,1952,NYG,9.8
0,1952,SLB,9.1
0,1952,PHA,8.5
0,1952,DET,8.1
0,1952,NYY,7.3
0,1952,PIT,5.8
0,1951,CIN,22.2
0,1951,CLE,19.3
0,1951,PHI,18.2
0,1951,CHW,17.7
0,1951,BOS,17.5
0,1951,BSN,14.4
0,1951,NYG,12.7
0,1951,DET,12.6
0,1951,CHC,12.6
0,1951,NYY,11.2
0,1951,STL,10.9
0,1951,BRO,10.5
0,1951,WSH,8.5
0,1951,SLB,7.1
0,1951,PHA,6.7
0,1951,PIT,6.1
0,1950,PHI,20.4
0,1950,STL,19.7
0,1950,CIN,17.6
0,1950,CLE,17.2
0,1950,DET,16.8
0,1950,SLB,14.5
0,1950,NYY,13.8
0,1950,NYG,13.4
0,1950,BOS,13.3
0,1950,CHC,12.2
0,1950,BSN,11.1
0,1950,CHW,10.9
0,1950,BRO,9.9
0,1950,WSH,8.8
0,1950,PIT,7.3
0,1950,PHA,-0.7
0,1949,STL,25.2
0,1949,CLE,19.9
0,1949,PHI,18.0
0,1949,DET,17.3
0,1949,BOS,15.3
0,1949,BRO,15.0
0,1949,NYY,13.9
0,1949,CIN,13.8
0,1949,NYG,13.1
0,1949,BSN,11.6
0,1949,PIT,10.5
0,1949,CHC,10.0
0,1949,SLB,8.0
0,1949,PHA,7.3
0,1949,CHW,4.6
0,1949,WSH,3.6
0,1948,BSN,21.9
0,1948,STL,20.8
0,1948,CLE,17.4
0,1948,DET,16.8
0,1948,PHI,14.9
0,1948,BRO,14.5
0,1948,NYY,14.3
0,1948,SLB,12.0
0,1948,NYG,11.3
0,1948,PIT,11.2
0,1948,WSH,11.2
0,1948,PHA,10.6
0,1948,CIN,10.3
0,1948,CHC,9.9
0,1948,BOS,8.4
0,1948,CHW,1.4
0,1947,STL,23.3
0,1947,BSN,19.3
0,1947,DET,17.4
0,1947,PHI,16.0
0,1947,CIN,14.8
0,1947,WSH,14.0
0,1947,BRO,13.5
0,1947,NYY,13.0
0,1947,BOS,12.3
0,1947,CHC,11.7
0,1947,PHA,10.3
0,1947,CHW,10.1
0,1947,NYG,7.7
0,1947,CLE,7.6
0,1947,PIT,7.3
0,1947,SLB,7.0
0,1946,DET,23.2
0,1946,STL,21.1
0,1946,CHC,17.6
0,1946,BSN,17.0
0,1946,BRO,16.0
0,1946,PIT,15.4
0,1946,CIN,15.3
0,1946,BOS,14.4
0,1946,CHW,12.1
0,1946,SLB,10.5
0,1946,NYY,9.9
0,1946,CLE,8.4
0,1946,PHI,7.6
0,1946,PHA,7.4
0,1946,WSH,5.4
0,1946,NYG,4.7
0,1945,SLB,22.7
0,1945,CHC,19.0
0,1945,STL,18.3
0,1945,DET,18.1
0,1945,PIT,16.5
0,1945,CLE,14.2
0,1945,WSH,13.0
0,1945,CIN,11.2
0,1945,NYG,9.4
0,1945,PHA,8.2
0,1945,NYY,7.8
0,1945,BSN,7.7
0,1945,BRO,6.6
0,1945,CHW,4.8
0,1945,BOS,4.5
0,1945,PHI,0.8
0,1944,STL,23.4
0,1944,SLB,20.0
0,1944,DET,19.3
0,1944,PIT,18.6
0,1944,CIN,17.1
0,1944,PHA,17.1
0,1944,BSN,13.8
0,1944,PHI,13.4
0,1944,CHC,10.7
0,1944,WSH,9.5
0,1944,NYY,8.1
0,1944,CHW,6.2
0,1944,BOS,6.0
0,1944,CLE,2.2
0,1944,BRO,0.8
0,1944,NYG,-2.8
0,1943,STL,22.2
0,1943,DET,18.9
0,1943,SLB,15.2
0,1943,PIT,14.7
0,1943,CIN,13.7
0,1943,NYY,13.2
0,1943,CHC,12.9
0,1943,BOS,11.1
0,1943,BSN,11.0
0,1943,CHW,10.2
0,1943,PHI,9.1
0,1943,WSH,8.4
0,1943,NYG,6.3
0,1943,CLE,5.7
0,1943,PHA,5.1
0,1943,BRO,4.4
0,1942,STL,26.9
0,1942,DET,24.6
0,1942,BRO,17.9
0,1942,CIN,17.3
0,1942,SLB,13.4
0,1942,PIT,11.7
0,1942,CHW,11.5
0,1942,BOS,11.3
0,1942,NYY,10.7
0,1942,NYG,9.8
0,1942,CHC,5.6
0,1942,CLE,5.4
0,1942,PHA,4.7
0,1942,BSN,4.7
0,1942,PHI,2.9
0,1942,WSH,1.2
0,1941,CHW,22.6
0,1941,CIN,21.9
0,1941,DET,21.2
0,1941,STL,20.6
0,1941,BRO,17.4
0,1941,CLE,16.3
0,1941,PIT,13.6
0,1941,CHC,12.5
0,1941,NYG,11.5
0,1941,NYY,11.4
0,1941,BOS,10.1
0,1941,SLB,7.9
0,1941,WSH,5.6
0,1941,PHI,5.0
0,1941,BSN,4.6
0,1941,PHA,3.8
0,1940,BRO,28.0
0,1940,DET,24.2
0,1940,CHW,20.6
0,1940,CIN,20.5
0,1940,CLE,19.9
0,1940,CHC,16.9
0,1940,STL,15.0
0,1940,NYG,11.0
0,1940,BOS,9.9
0,1940,NYY,9.0
0,1940,SLB,7.6
0,1940,WSH,6.6
0,1940,PHI,5.7
0,1940,PIT,5.4
0,1940,PHA,2.1
0,1940,BSN,-0.3
0,1939,CHW,21.9
0,1939,NYY,21.1
0,1939,STL,20.5
0,1939,CLE,19.4
0,1939,BRO,18.5
0,1939,DET,18.2
0,1939,CHC,17.9
0,1939,CIN,16.7
0,1939,BOS,12.5
0,1939,PIT,10.2
0,1939,NYG,8.3
0,1939,WSH,7.5
0,1939,BSN,6.8
0,1939,SLB,3.4
0,1939,PHA,0.5
0,1939,PHI,-3.2
0,1938,CHC,23.0
0,1938,CHW,18.7
0,1938,NYY,17.9
0,1938,BOS,17.8
0,1938,DET,15.0
0,1938,STL,14.7
0,1938,PIT,13.5
0,1938,CLE,13.1
0,1938,BRO,12.3
0,1938,BSN,11.3
0,1938,NYG,10.9
0,1938,CIN,8.9
0,1938,SLB,6.7
0,1938,PHI,5.7
0,1938,PHA,5.3
0,1938,WSH,5.3
0,1937,BOS,24.8
0,1937,NYY,19.6
0,1937,CHW,15.8
0,1937,PIT,15.6
0,1937,CLE,15.2
0,1937,BSN,14.8
0,1937,NYG,14.0
0,1937,CHC,13.4
0,1937,STL,13.4
0,1937,BRO,11.9
0,1937,PHA,9.7
0,1937,DET,9.3
0,1937,CIN,9.2
0,1937,WSH,6.8
0,1937,PHI,5.3
0,1937,SLB,2.1
0,1936,BOS,29.3
0,1936,CHC,19.5
0,1936,CLE,17.4
0,1936,NYY,16.5
0,1936,BRO,16.1
0,1936,PIT,14.7
0,1936,NYG,13.5
0,1936,PHI,13.5
0,1936,DET,11.4
0,1936,CHW,10.3
0,1936,WSH,10.2
0,1936,BSN,10.1
0,1936,STL,8.4
0,1936,CIN,6.4
0,1936,SLB,3.5
0,1936,PHA,1.1
0,1935,BOS,27.0
0,1935,PIT,20.8
0,1935,CLE,20.5
0,1935,STL,20.3
0,1935,CHC,15.3
0,1935,CHW,15.0
0,1935,DET,15.0
0,1935,NYY,14.5
0,1935,PHI,13.2
0,1935,NYG,11.4
0,1935,SLB,8.6
0,1935,WSH,5.1
0,1935,PHA,4.9
0,1935,CIN,4.3
0,1935,BRO,4.3
0,1935,BSN,-0.3
0,1934,BOS,20.6
0,1934,STL,20.3
0,1934,SLB,19.9
0,1934,CLE,17.1
0,1934,NYG,16.8
0,1934,PIT,14.8
0,1934,NYY,14.7
0,1934,DET,14.3
0,1934,CHC,12.9
0,1934,PHI,11.2
0,1934,WSH,10.2
0,1934,CIN,8.3
0,1934,CHW,6.2
0,1934,BSN,6.1
0,1934,BRO,2.7
0,1934,PHA,2.5
0,1933,CLE,23.0
0,1933,WSH,17.0
0,1933,NYG,16.5
0,1933,SLB,15.7
0,1933,CHC,14.9
0,1933,STL,14.7
0,1933,BOS,14.4
0,1933,BSN,14.4
0,1933,DET,13.9
0,1933,CIN,9.9
0,1933,PIT,9.3
0,1933,CHW,8.6
0,1933,PHA,8.4
0,1933,BRO,7.3
0,1933,NYY,6.1
0,1933,PHI,4.6
0,1932,CLE,25.9
0,1932,BSN,16.9
0,1932,DET,16.5
0,1932,NYY,16.5
0,1932,PHA,16.1
0,1932,STL,15.9
0,1932,CHC,14.8
0,1932,WSH,14.0
0,1932,PHI,12.4
0,1932,SLB,11.3
0,1932,CIN,10.3
0,1932,NYG,8.5
0,1932,PIT,8.0
0,1932,BOS,5.1
0,1932,BRO,4.7
0,1932,CHW,3.9
0,1931,PHA,25.3
0,1931,WSH,19.8
0,1931,DET,16.1
0,1931,STL,15.1
0,1931,CLE,14.4
0,1931,BRO,14.3
0,1931,BSN,13.6
0,1931,NYG,13.2
0,1931,SLB,12.6
0,1931,BOS,10.6
0,1931,PIT,10.5
0,1931,CHC,10.1
0,1931,NYY,9.6
0,1931,PHI,8.8
0,1931,CHW,3.6
0,1931,CIN,3.2
0,1930,PHA,21.4
0,1930,WSH,19.9
0,1930,STL,18.3
0,1930,DET,17.4
0,1930,BRO,16.7
0,1930,BSN,16.2
0,1930,BOS,13.6
0,1930,CHW,13.4
0,1930,SLB,13.4
0,1930,CLE,12.9
0,1930,CHC,12.0
0,1930,CIN,10.9
0,1930,NYG,7.3
0,1930,PIT,6.2
0,1930,NYY,4.9
0,1930,PHI,-0.8
0,1929,PHA,25.7
0,1929,CLE,22.7
0,1929,SLB,19.3
0,1929,PIT,16.4
0,1929,NYG,15.2
0,1929,CIN,14.3
0,1929,BOS,13.3
0,1929,STL,13.0
0,1929,CHW,12.4
0,1929,WSH,11.5
0,1929,CHC,11.1
0,1929,BSN,8.1
0,1929,DET,7.7
0,1929,BRO,6.7
0,1929,NYY,4.5
0,1929,PHI,1.3
0,1928,PHA,24.0
0,1928,BRO,22.2
0,1928,STL,20.7
0,1928,SLB,16.8
0,1928,WSH,16.0
0,1928,NYY,14.9
0,1928,CHW,14.7
0,1928,PIT,14.2
0,1928,CHC,13.7
0,1928,CIN,12.9
0,1928,NYG,12.1
0,1928,CLE,9.6
0,1928,BOS,9.6
0,1928,DET,9.3
0,1928,BSN,-2.8
0,1928,PHI,-3.9
0,1927,BRO,21.6
0,1927,NYY,21.2
0,1927,PIT,19.2
0,1927,PHA,17.8
0,1927,CHW,17.5
0,1927,CLE,16.2
0,1927,CIN,15.9
0,1927,WSH,15.8
0,1927,STL,11.6
0,1927,BOS,11.4
0,1927,CHC,11.1
0,1927,DET,10.0
0,1927,BSN,8.4
0,1927,SLB,4.5
0,1927,NYG,4.2
0,1927,PHI,-1.5
0,1926,PHA,27.9
0,1926,CLE,24.2
0,1926,CHC,19.3
0,1926,CIN,14.9
0,1926,BRO,14.6
0,1926,CHW,14.6
0,1926,NYY,13.1
0,1926,PIT,13.1
0,1926,STL,10.2
0,1926,DET,9.1
0,1926,PHI,8.5
0,1926,WSH,8.3
0,1926,BSN,8.0
0,1926,SLB,6.9
0,1926,NYG,6.7
0,1926,BOS,5.3
0,1925,PHA,24.4
0,1925,CIN,20.6
0,1925,WSH,18.0
0,1925,NYY,16.9
0,1925,CLE,16.5
0,1925,NYG,15.4
0,1925,PIT,14.9
0,1925,CHW,11.6
0,1925,PHI,10.1
0,1925,CHC,9.4
0,1925,DET,8.9
0,1925,STL,8.7
0,1925,BOS,8.5
0,1925,SLB,8.4
0,1925,BSN,6.8
0,1925,BRO,3.4
0,1924,WSH,22.0
0,1924,CIN,21.8
0,1924,NYY,21.4
0,1924,BOS,16.9
0,1924,BRO,15.3
0,1924,PIT,14.6
0,1924,SLB,14.2
0,1924,PHA,12.6
0,1924,CLE,12.2
0,1924,NYG,10.3
0,1924,PHI,9.9
0,1924,CHC,9.3
0,1924,BSN,6.6
0,1924,CHW,6.2
0,1924,DET,5.8
0,1924,STL,4.7
0,1923,CIN,20.4
0,1923,NYY,20.1
0,1923,SLB,19.6
0,1923,CHW,17.0
0,1923,PHA,14.4
0,1923,PIT,13.4
0,1923,CLE,13.1
0,1923,BOS,12.4
0,1923,BRO,12.1
0,1923,STL,11.1
0,1923,CHC,10.2
0,1923,BSN,10.0
0,1923,NYG,9.8
0,1923,WSH,8.8
0,1923,DET,8.2
0,1923,PHI,4.4
0,1922,NYY,22.4
0,1922,SLB,22.1
0,1922,PIT,21.6
0,1922,CHW,18.5
0,1922,BRO,17.1
0,1922,NYG,14.2
0,1922,WSH,12.8
0,1922,CIN,12.5
0,1922,CLE,12.4
0,1922,BOS,11.5
0,1922,PHA,8.8
0,1922,CHC,8.5
0,1922,PHI,7.7
0,1922,DET,7.5
0,1922,STL,5.0
0,1922,BSN,4.2
0,1921,PIT,22.7
0,1921,BRO,20.4
0,1921,CLE,19.9
0,1921,BOS,18.9
0,1921,NYY,16.2
0,1921,WSH,16.1
0,1921,CIN,14.5
0,1921,SLB,12.9
0,1921,DET,12.8
0,1921,PHA,10.8
0,1921,BSN,9.5
0,1921,NYG,9.2
0,1921,STL,7.1
0,1921,CHW,7.0
0,1921,CHC,6.2
0,1921,PHI,0.7
0,1920,BRO,26.2
0,1920,CLE,21.4
0,1920,PIT,20.5
0,1920,NYY,19.6
0,1920,CHW,15.9
0,1920,CHC,14.7
0,1920,BOS,13.8
0,1920,PHA,12.6
0,1920,CIN,12.2
0,1920,SLB,10.5
0,1920,WSH,9.4
0,1920,NYG,9.3
0,1920,DET,6.4
0,1920,STL,6.0
0,1920,PHI,4.4
0,1920,BSN,2.8
0,1919,CHC,22.1
0,1919,CLE,18.6
0,1919,WSH,17.8
0,1919,CIN,17.6
0,1919,BRO,17.2
0,1919,PIT,14.7
0,1919,CHW,14.1
0,1919,SLB,13.7
0,1919,NYY,13.1
0,1919,DET,12.9
0,1919,NYG,9.5
0,1919,BOS,6.3
0,1919,BSN,4.5
0,1919,PHA,4.0
0,1919,PHI,1.6
0,1919,STL,-0.9
0,1918,CHC,21.3
0,1918,CLE,20.4
0,1918,WSH,19.5
0,1918,BOS,14.0
0,1918,CHW,13.2
0,1918,PIT,12.4
0,1918,BRO,11.4
0,1918,SLB,9.8
0,1918,BSN,8.8
0,1918,NYY,8.7
0,1918,NYG,8.6
0,1918,PHI,7.7
0,1918,DET,4.4
0,1918,CIN,3.7
0,1918,PHA,1.8
0,1918,STL,1.1
0,1917,CHW,26.3
0,1917,BOS,22.9
0,1917,PHI,17.4
0,1917,CHC,16.9
0,1917,NYY,15.8
0,1917,CLE,15.6
0,1917,WSH,15.3
0,1917,PIT,15.2
0,1917,BRO,14.4
0,1917,NYG,12.9
0,1917,DET,11.6
0,1917,BSN,10.2
0,1917,PHA,4.0
0,1917,CIN,2.8
0,1917,SLB,0.9
0,1917,STL,0.4
0,1916,BOS,24.0
0,1916,WSH,20.9
0,1916,BRO,20.1
0,1916,CHC,17.7
0,1916,PHI,16.1
0,1916,SLB,16.0
0,1916,CHW,15.5
0,1916,BSN,14.9
0,1916,DET,14.8
0,1916,PIT,12.8
0,1916,NYY,12.6
0,1916,CLE,11.8
0,1916,NYG,7.9
0,1916,STL,2.0
0,1916,CIN,1.0
0,1916,PHA,-4.2
0,1915,WSH,28.2
0,1915,CHW,24.3
0,1915,BOS,24.1
0,1915,PHI,18.5
0,1915,DET,16.1
0,1915,BRO,15.3
0,1915,NYY,14.0
0,1915,PIT,14.0
0,1915,CIN,13.4
0,1915,BSN,11.5
0,1915,CLE,10.0
0,1915,SLB,8.3
0,1915,STL,6.7
0,1915,CHC,6.6
0,1915,NYG,2.8
0,1915,PHA,-10.3
0,1914,WSH,22.6
0,1914,STL,18.6
0,1914,BOS,18.4
0,1914,NYY,15.9
0,1914,BSN,15.0
0,1914,PHA,14.0
0,1914,SLB,13.7
0,1914,PHI,13.1
0,1914,PIT,12.7
0,1914,DET,11.7
0,1914,BRO,11.1
0,1914,CHW,11.1
0,1914,CIN,7.9
0,1914,NYG,7.1
0,1914,CHC,7.0
0,1914,CLE,4.0
0,1913,NYG,24.4
0,1913,CHW,24.2
0,1913,CLE,21.5
0,1913,PIT,17.5
0,1913,WSH,17.3
0,1913,BOS,16.8
0,1913,BRO,13.9
0,1913,PHI,13.8
0,1913,NYY,11.6
0,1913,BSN,9.6
0,1913,SLB,9.4
0,1913,CHC,6.8
0,1913,DET,6.2
0,1913,CIN,4.8
0,1913,PHA,3.2
0,1913,STL,0.0
0,1912,BOS,27.5
0,1912,NYG,24.4
0,1912,WSH,20.6
0,1912,PIT,20.3
0,1912,CHW,18.7
0,1912,PHI,15.4
0,1912,CLE,15.3
0,1912,NYY,14.0
0,1912,CIN,10.3
0,1912,SLB,9.3
0,1912,CHC,7.5
0,1912,DET,7.0
0,1912,BRO,6.8
0,1912,PHA,2.7
0,1912,BSN,2.6
0,1912,STL,-0.1
0,1911,NYG,23.7
0,1911,PIT,20.1
0,1911,PHA,19.2
0,1911,NYY,18.9
0,1911,BOS,18.4
0,1911,CHW,18.3
0,1911,CLE,14.1
0,1911,CHC,13.5
0,1911,DET,13.4
0,1911,BRO,12.1
0,1911,PHI,11.7
0,1911,CIN,11.5
0,1911,WSH,8.0
0,1911,SLB,4.0
0,1911,STL,2.0
0,1911,BSN,-7.2
0,1910,CHW,22.7
0,1910,NYY,20.8
0,1910,NYG,20.2
0,1910,PHA,20.2
0,1910,BOS,18.6
0,1910,BRO,16.1
0,1910,PIT,15.6
0,1910,CHC,15.2
0,1910,WSH,13.3
0,1910,PHI,11.1
0,1910,DET,10.8
0,1910,CLE,9.1
0,1910,BSN,6.2
0,1910,CIN,3.8
0,1910,STL,2.3
0,1910,SLB,-0.7
0,1909,CHC,28.7
0,1909,PHA,22.4
0,1909,CHW,19.9
0,1909,NYG,17.3
0,1909,PIT,16.8
0,1909,DET,16.2
0,1909,PHI,13.0
0,1909,SLB,12.4
0,1909,NYY,12.0
0,1909,CLE,11.7
0,1909,BRO,9.7
0,1909,BOS,9.2
0,1909,CIN,8.1
0,1909,BSN,7.2
0,1909,WSH,2.2
0,1909,STL,-3.2
0,1908,NYG,22.6
0,1908,PHA,20.7
0,1908,CLE,20.0
0,1908,PHI,18.9
0,1908,CHW,16.5
0,1908,BOS,15.7
0,1908,PIT,15.6
0,1908,CHC,14.6
0,1908,BRO,14.1
0,1908,SLB,13.4
0,1908,DET,11.8
0,1908,WSH,10.8
0,1908,CIN,7.1
0,1908,STL,4.0
0,1908,NYY,1.4
0,1908,BSN,-1.6
0,1907,DET,20.3
0,1907,CHC,18.5
0,1907,CHW,17.5
0,1907,NYG,16.9
0,1907,PHA,16.1
0,1907,BOS,13.6
0,1907,NYY,13.6
0,1907,CLE,13.5
0,1907,CIN,12.6
0,1907,PIT,12.5
0,1907,BRO,12.5
0,1907,SLB,11.2
0,1907,PHI,9.3
0,1907,STL,8.7
0,1907,WSH,3.8
0,1907,BSN,-0.9
0,1906,NYY,21.5
0,1906,PIT,20.8
0,1906,CHC,19.7
0,1906,PHA,16.9
0,1906,CHW,16.6
0,1906,DET,14.7
0,1906,CLE,14.3
0,1906,SLB,14.0
0,1906,CIN,13.0
0,1906,PHI,11.7
0,1906,NYG,11.3
0,1906,STL,8.6
0,1906,WSH,5.2
0,1906,BOS,5.1
0,1906,BSN,4.0
0,1906,BRO,3.3
0,1905,CHC,25.7
0,1905,PHA,23.3
0,1905,NYG,18.9
0,1905,CHW,18.0
0,1905,NYY,16.1
0,1905,DET,15.5
0,1905,BOS,14.0
0,1905,PIT,10.9
0,1905,CIN,10.8
0,1905,SLB,10.0
0,1905,PHI,9.9
0,1905,BSN,9.8
0,1905,CLE,9.3
0,1905,WSH,6.5
0,1905,STL,6.3
0,1905,BRO,-1.3
0,1904,PHA,24.1
0,1904,BOS,23.4
0,1904,CIN,21.4
0,1904,NYG,19.0
0,1904,CLE,16.8
0,1904,CHC,16.3
0,1904,STL,16.3
0,1904,NYY,14.8
0,1904,CHW,11.3
0,1904,PIT,10.9
0,1904,BRO,10.5
0,1904,SLB,8.9
0,1904,DET,8.3
0,1904,BSN,0.9
0,1904,WSH,0.8
0,1904,PHI,-2.1
0,1903,NYG,23.4
0,1903,BOS,18.1
0,1903,CIN,17.5
0,1903,PHA,17.1
0,1903,SLB,14.1
0,1903,DET,13.9
0,1903,CHC,13.3
0,1903,NYY,12.1
0,1903,PIT,10.0
0,1903,BSN,8.8
0,1903,CLE,7.7
0,1903,BRO,7.5
0,1903,CHW,7.2
0,1903,WSH,6.5
0,1903,PHI,3.1
0,1903,STL,0.7
0,1902,PHA,16.9
0,1902,PIT,16.6
0,1902,CHC,15.4
0,1902,BSN,15.2
0,1902,DET,14.9
0,1902,SLB,14.6
0,1902,BOS,14.5
0,1902,BRO,13.9
0,1902,CIN,11.0
0,1902,CHW,10.2
0,1902,PHI,9.1
0,1902,BLA,8.2
0,1902,NYG,6.9
0,1902,CLE,6.6
0,1902,WSH,2.5
0,1902,STL,0.1
0,1901,BSN,24.2
0,1901,PHI,19.3
0,1901,CHW,18.0
0,1901,BOS,16.6
0,1901,BLA,16.2
0,1901,DET,15.9
0,1901,PIT,15.8
0,1901,BRO,12.4
0,1901,PHA,11.3
0,1901,WSH,8.8
0,1901,NYG,6.3
0,1901,MLA,5.9
0,1901,CHC,4.0
0,1901,CLE,2.9
0,1901,STL,2.3
0,1901,CIN,-0.8
