,yr,team,offWAR
0,2020,LAD,13.8
0,2020,SDP,10.9
0,2020,TBR,10.7
0,2020,CHW,10.4
0,2020,ATL,9.3
0,2020,NYY,9.0
0,2020,SFG,8.7
0,2020,NYM,8.5
0,2020,BOS,6.7
0,2020,MIN,6.7
0,2020,OAK,5.6
0,2020,BAL,5.2
0,2020,STL,4.8
0,2020,PHI,4.7
0,2020,HOU,4.5
0,2020,CHC,4.4
0,2020,TOR,4.2
0,2020,LAA,3.9
0,2020,SEA,3.4
0,2020,MIA,2.9
0,2020,WSN,2.9
0,2020,CLE,2.1
0,2020,ARI,2.1
0,2020,COL,2.0
0,2020,KCR,1.7
0,2020,CIN,0.4
0,2020,DET,-0.2
0,2020,TEX,-0.2
0,2020,MIL,-1.4
0,2020,PIT,-2.0
0,2019,HOU,44.3
0,2019,LAD,37.5
0,2019,NYY,35.5
0,2019,MIN,34.4
0,2019,OAK,34.0
0,2019,ARI,26.0
0,2019,TBR,25.7
0,2019,BOS,25.5
0,2019,STL,25.5
0,2019,ATL,25.2
0,2019,WSN,23.6
0,2019,CLE,23.0
0,2019,CHC,21.8
0,2019,LAA,21.8
0,2019,MIL,21.0
0,2019,NYM,19.6
0,2019,PHI,18.3
0,2019,SEA,16.1
0,2019,TOR,12.8
0,2019,CIN,12.5
0,2019,COL,12.3
0,2019,CHW,11.7
0,2019,KCR,11.3
0,2019,TEX,11.2
0,2019,SDP,11.1
0,2019,SFG,10.8
0,2019,PIT,10.5
0,2019,BAL,8.9
0,2019,MIA,3.7
0,2019,DET,-4.3
0,2018,LAD,33.7
0,2018,OAK,33.7
0,2018,NYY,32.5
0,2018,TBR,30.8
0,2018,MIL,29.5
0,2018,CLE,29.1
0,2018,BOS,28.1
0,2018,ATL,27.9
0,2018,CHC,27.8
0,2018,HOU,27.3
0,2018,LAA,27.0
0,2018,STL,22.1
0,2018,ARI,22.0
0,2018,SEA,19.1
0,2018,MIN,18.6
0,2018,PIT,17.5
0,2018,CIN,17.3
0,2018,TEX,16.1
0,2018,WSN,16.0
0,2018,SDP,15.3
0,2018,NYM,13.3
0,2018,SFG,12.7
0,2018,TOR,12.4
0,2018,KCR,12.4
0,2018,COL,12.0
0,2018,CHW,11.0
0,2018,MIA,9.7
0,2018,DET,7.1
0,2018,BAL,5.2
0,2018,PHI,2.4
0,2017,HOU,38.5
0,2017,MIA,31.2
0,2017,NYY,29.0
0,2017,LAD,28.4
0,2017,CLE,28.2
0,2017,MIN,28.0
0,2017,CHC,26.5
0,2017,CIN,25.2
0,2017,TBR,24.4
0,2017,SEA,24.2
0,2017,WSN,21.6
0,2017,STL,21.1
0,2017,BOS,20.3
0,2017,ARI,20.0
0,2017,LAA,19.9
0,2017,BAL,19.6
0,2017,OAK,18.3
0,2017,NYM,17.0
0,2017,MIL,16.9
0,2017,CHW,16.4
0,2017,COL,16.3
0,2017,TEX,14.7
0,2017,DET,13.8
0,2017,PHI,13.3
0,2017,ATL,13.0
0,2017,TOR,11.9
0,2017,PIT,10.7
0,2017,KCR,10.0
0,2017,SDP,8.8
0,2017,SFG,2.8
0,2016,BOS,39.1
0,2016,CHC,33.1
0,2016,HOU,30.1
0,2016,SFG,25.0
0,2016,SEA,24.3
0,2016,TOR,24.1
0,2016,LAA,23.4
0,2016,CLE,22.6
0,2016,STL,22.2
0,2016,BAL,22.1
0,2016,LAD,21.9
0,2016,COL,21.2
0,2016,MIA,20.9
0,2016,TBR,20.6
0,2016,DET,20.2
0,2016,CHW,19.8
0,2016,WSN,18.7
0,2016,TEX,17.5
0,2016,ARI,16.8
0,2016,KCR,16.7
0,2016,PIT,16.5
0,2016,NYM,16.2
0,2016,NYY,14.7
0,2016,CIN,14.6
0,2016,MIL,14.3
0,2016,MIN,13.8
0,2016,SDP,13.6
0,2016,ATL,12.0
0,2016,OAK,9.2
0,2016,PHI,6.5
0,2015,TOR,33.6
0,2015,HOU,29.8
0,2015,ARI,29.7
0,2015,KCR,25.5
0,2015,LAD,25.4
0,2015,SFG,24.6
0,2015,BOS,22.8
0,2015,DET,22.8
0,2015,PIT,22.3
0,2015,TBR,22.2
0,2015,LAA,22.1
0,2015,CHC,21.9
0,2015,NYY,20.8
0,2015,BAL,20.6
0,2015,STL,20.5
0,2015,TEX,20.1
0,2015,OAK,19.5
0,2015,MIA,19.1
0,2015,NYM,18.0
0,2015,CLE,16.0
0,2015,WSN,16.0
0,2015,SEA,15.9
0,2015,CIN,15.9
0,2015,SDP,15.7
0,2015,MIL,12.7
0,2015,CHW,12.6
0,2015,MIN,12.5
0,2015,COL,11.6
0,2015,ATL,11.6
0,2015,PHI,9.1
0,2014,LAA,31.7
0,2014,LAD,31.4
0,2014,BAL,29.8
0,2014,PIT,29.0
0,2014,OAK,27.7
0,2014,TOR,27.7
0,2014,DET,26.5
0,2014,WSN,23.5
0,2014,COL,22.0
0,2014,NYM,21.2
0,2014,SFG,20.6
0,2014,STL,20.5
0,2014,KCR,20.1
0,2014,BOS,19.5
0,2014,SEA,18.9
0,2014,CHW,18.8
0,2014,TBR,18.5
0,2014,HOU,17.1
0,2014,MIN,16.9
0,2014,MIA,16.8
0,2014,NYY,16.5
0,2014,CIN,15.9
0,2014,MIL,15.4
0,2014,CLE,15.4
0,2014,ARI,14.4
0,2014,ATL,13.5
0,2014,TEX,11.9
0,2014,SDP,11.4
0,2014,PHI,10.4
0,2014,CHC,8.9
0,2013,BOS,39.6
0,2013,TEX,28.4
0,2013,LAD,27.8
0,2013,TBR,27.3
0,2013,CLE,27.1
0,2013,PIT,25.7
0,2013,DET,25.5
0,2013,BAL,25.1
0,2013,ARI,24.5
0,2013,ATL,24.3
0,2013,LAA,23.8
0,2013,SFG,23.6
0,2013,TOR,23.6
0,2013,OAK,23.5
0,2013,CIN,23.2
0,2013,KCR,21.7
0,2013,STL,20.8
0,2013,SDP,19.0
0,2013,WSN,18.2
0,2013,MIL,17.4
0,2013,NYM,16.0
0,2013,COL,15.1
0,2013,CHC,14.6
0,2013,MIN,13.2
0,2013,NYY,13.0
0,2013,SEA,12.7
0,2013,PHI,7.1
0,2013,HOU,5.3
0,2013,CHW,3.1
0,2013,MIA,0.6
0,2012,LAA,38.8
0,2012,NYY,29.9
0,2012,SFG,29.4
0,2012,STL,29.0
0,2012,ATL,25.2
0,2012,MIN,24.6
0,2012,OAK,24.2
0,2012,MIL,23.8
0,2012,TEX,23.8
0,2012,BOS,23.1
0,2012,TOR,22.1
0,2012,ARI,21.8
0,2012,TBR,21.6
0,2012,SDP,21.5
0,2012,CHW,20.8
0,2012,WSN,20.7
0,2012,CIN,19.0
0,2012,PHI,17.7
0,2012,CLE,17.5
0,2012,KCR,16.8
0,2012,DET,16.8
0,2012,SEA,15.6
0,2012,PIT,15.6
0,2012,BAL,15.4
0,2012,LAD,14.4
0,2012,NYM,13.2
0,2012,CHC,11.2
0,2012,COL,8.1
0,2012,MIA,5.2
0,2012,HOU,3.7
0,2011,BOS,36.6
0,2011,TEX,33.8
0,2011,TBR,33.7
0,2011,NYY,30.5
0,2011,DET,28.4
0,2011,STL,27.4
0,2011,LAA,26.9
0,2011,KCR,26.3
0,2011,CIN,26.2
0,2011,ARI,24.5
0,2011,MIL,23.8
0,2011,NYM,20.1
0,2011,TOR,18.3
0,2011,LAD,18.3
0,2011,CLE,17.9
0,2011,PHI,17.4
0,2011,BAL,16.8
0,2011,SFG,15.8
0,2011,COL,15.6
0,2011,HOU,15.5
0,2011,SDP,15.4
0,2011,WSN,15.3
0,2011,CHC,15.2
0,2011,ATL,14.5
0,2011,SEA,11.2
0,2011,CHW,10.5
0,2011,OAK,10.4
0,2011,PIT,10.0
0,2011,FLA,9.4
0,2011,MIN,3.8
0,2010,TBR,36.2
0,2010,NYY,35.2
0,2010,BOS,32.1
0,2010,CIN,30.6
0,2010,DET,27.6
0,2010,MIN,26.4
0,2010,OAK,25.7
0,2010,STL,25.7
0,2010,MIL,24.5
0,2010,ATL,24.3
0,2010,TOR,23.5
0,2010,PHI,23.2
0,2010,SFG,23.2
0,2010,SDP,22.0
0,2010,TEX,21.8
0,2010,COL,19.9
0,2010,CLE,18.3
0,2010,CHW,16.9
0,2010,LAA,16.3
0,2010,ARI,16.2
0,2010,NYM,15.8
0,2010,FLA,15.1
0,2010,WSN,13.5
0,2010,BAL,12.1
0,2010,LAD,10.9
0,2010,KCR,10.5
0,2010,CHC,10.4
0,2010,SEA,9.1
0,2010,HOU,3.4
0,2010,PIT,0.5
0,2009,LAA,37.3
0,2009,NYY,33.4
0,2009,TBR,31.8
0,2009,TOR,30.3
0,2009,LAD,29.4
0,2009,PHI,28.8
0,2009,BOS,26.7
0,2009,MIL,25.1
0,2009,STL,24.0
0,2009,CLE,23.5
0,2009,MIN,22.2
0,2009,SEA,21.2
0,2009,COL,20.0
0,2009,DET,19.7
0,2009,TEX,19.4
0,2009,NYM,18.9
0,2009,ATL,17.7
0,2009,FLA,17.0
0,2009,ARI,15.9
0,2009,PIT,15.6
0,2009,SDP,15.3
0,2009,CIN,14.2
0,2009,OAK,13.4
0,2009,HOU,13.3
0,2009,BAL,13.2
0,2009,WSN,12.7
0,2009,CHC,9.8
0,2009,CHW,9.4
0,2009,SFG,8.4
0,2009,KCR,3.3
0,2008,STL,31.7
0,2008,TEX,31.7
0,2008,BOS,30.8
0,2008,CLE,28.9
0,2008,PHI,28.7
0,2008,TBR,27.6
0,2008,MIL,26.2
0,2008,NYM,25.1
0,2008,ATL,24.1
0,2008,TOR,23.8
0,2008,MIN,21.9
0,2008,BAL,21.6
0,2008,DET,20.8
0,2008,NYY,20.6
0,2008,CHC,19.9
0,2008,FLA,19.4
0,2008,LAA,19.4
0,2008,CHW,19.3
0,2008,OAK,18.6
0,2008,SDP,17.1
0,2008,SEA,16.7
0,2008,HOU,16.3
0,2008,LAD,15.5
0,2008,PIT,14.3
0,2008,COL,13.6
0,2008,CIN,9.0
0,2008,WSN,8.7
0,2008,KCR,7.9
0,2008,ARI,7.4
0,2008,SFG,3.8
0,2007,NYY,38.5
0,2007,PHI,32.7
0,2007,DET,32.0
0,2007,BOS,29.1
0,2007,ATL,28.7
0,2007,NYM,26.8
0,2007,OAK,25.6
0,2007,TOR,25.4
0,2007,COL,23.5
0,2007,CLE,23.3
0,2007,LAA,21.7
0,2007,MIL,20.7
0,2007,MIN,20.0
0,2007,SEA,19.8
0,2007,TEX,19.3
0,2007,TBD,19.0
0,2007,SDP,18.5
0,2007,CHC,18.0
0,2007,FLA,17.9
0,2007,BAL,17.6
0,2007,STL,17.4
0,2007,KCR,15.8
0,2007,LAD,13.2
0,2007,CIN,12.9
0,2007,PIT,11.8
0,2007,WSN,11.2
0,2007,ARI,11.0
0,2007,HOU,8.7
0,2007,SFG,8.5
0,2007,CHW,2.5
0,2006,TOR,32.9
0,2006,NYY,28.6
0,2006,SDP,26.9
0,2006,NYM,26.1
0,2006,DET,25.9
0,2006,CLE,25.8
0,2006,MIN,24.0
0,2006,SEA,23.9
0,2006,STL,23.1
0,2006,TEX,23.1
0,2006,PHI,22.6
0,2006,ATL,22.5
0,2006,BAL,20.4
0,2006,CHW,20.0
0,2006,LAD,20.0
0,2006,OAK,20.0
0,2006,BOS,18.4
0,2006,LAA,18.4
0,2006,HOU,17.8
0,2006,KCR,17.8
0,2006,FLA,17.0
0,2006,WSN,16.9
0,2006,COL,16.5
0,2006,MIL,15.7
0,2006,SFG,14.7
0,2006,ARI,14.0
0,2006,CIN,11.1
0,2006,CHC,10.1
0,2006,TBD,9.1
0,2006,PIT,7.2
0,2005,CLE,36.3
0,2005,PHI,30.6
0,2005,BOS,30.2
0,2005,STL,28.5
0,2005,ATL,27.1
0,2005,NYY,26.3
0,2005,OAK,24.3
0,2005,TOR,23.9
0,2005,BAL,23.7
0,2005,LAA,23.5
0,2005,DET,23.5
0,2005,CIN,22.4
0,2005,TBD,22.3
0,2005,TEX,21.8
0,2005,CHW,20.0
0,2005,MIL,18.2
0,2005,NYM,18.0
0,2005,HOU,17.7
0,2005,SDP,16.9
0,2005,CHC,16.4
0,2005,PIT,16.3
0,2005,ARI,15.7
0,2005,SEA,15.3
0,2005,FLA,14.1
0,2005,MIN,13.6
0,2005,LAD,12.8
0,2005,COL,11.8
0,2005,WSN,10.7
0,2005,SFG,5.9
0,2005,KCR,2.7
0,2004,CLE,31.6
0,2004,STL,31.4
0,2004,BOS,29.9
0,2004,LAD,27.5
0,2004,DET,26.8
0,2004,ATL,26.7
0,2004,SDP,25.7
0,2004,NYY,25.6
0,2004,CHW,25.5
0,2004,HOU,24.9
0,2004,BAL,24.7
0,2004,ANA,24.4
0,2004,PHI,23.9
0,2004,OAK,22.6
0,2004,CIN,19.9
0,2004,SFG,19.7
0,2004,CHC,19.6
0,2004,FLA,18.6
0,2004,MIN,18.1
0,2004,SEA,18.1
0,2004,TOR,16.8
0,2004,TBD,16.1
0,2004,COL,15.7
0,2004,TEX,15.5
0,2004,KCR,9.7
0,2004,PIT,8.3
0,2004,MON,8.2
0,2004,NYM,7.3
0,2004,MIL,7.0
0,2004,ARI,0.3
0,2003,ATL,35.7
0,2003,BOS,34.9
0,2003,NYY,31.3
0,2003,SEA,28.8
0,2003,PHI,27.8
0,2003,HOU,27.0
0,2003,STL,27.0
0,2003,SFG,24.8
0,2003,TEX,24.7
0,2003,MIN,24.6
0,2003,TOR,23.9
0,2003,CHW,23.1
0,2003,TBD,20.6
0,2003,ANA,20.2
0,2003,OAK,19.4
0,2003,FLA,18.8
0,2003,COL,18.7
0,2003,CLE,18.6
0,2003,SDP,18.3
0,2003,PIT,17.3
0,2003,BAL,17.0
0,2003,CIN,16.1
0,2003,KCR,14.8
0,2003,LAD,11.8
0,2003,CHC,10.5
0,2003,MIL,9.8
0,2003,MON,9.0
0,2003,ARI,8.0
0,2003,DET,5.0
0,2003,NYM,3.5
0,2002,ANA,36.7
0,2002,SFG,34.0
0,2002,BOS,33.5
0,2002,SEA,29.0
0,2002,PHI,28.6
0,2002,STL,28.3
0,2002,CHW,27.6
0,2002,NYY,27.5
0,2002,OAK,25.8
0,2002,MIN,24.8
0,2002,LAD,24.7
0,2002,ATL,22.9
0,2002,TEX,22.4
0,2002,TOR,19.4
0,2002,FLA,18.8
0,2002,BAL,18.5
0,2002,ARI,17.9
0,2002,MON,16.9
0,2002,NYM,14.1
0,2002,COL,14.0
0,2002,CLE,13.6
0,2002,CIN,13.5
0,2002,TBD,13.3
0,2002,HOU,12.6
0,2002,CHC,12.6
0,2002,SDP,10.1
0,2002,PIT,8.9
0,2002,MIL,8.5
0,2002,KCR,7.2
0,2002,DET,4.9
0,2001,SEA,50.4
0,2001,OAK,29.4
0,2001,SFG,28.6
0,2001,STL,27.7
0,2001,COL,27.4
0,2001,TEX,26.2
0,2001,CLE,26.0
0,2001,MIN,25.5
0,2001,ARI,22.8
0,2001,HOU,22.1
0,2001,CHW,21.2
0,2001,PHI,21.0
0,2001,CHC,20.9
0,2001,ANA,20.3
0,2001,FLA,19.5
0,2001,SDP,18.4
0,2001,NYY,18.4
0,2001,TOR,18.0
0,2001,DET,17.8
0,2001,ATL,17.3
0,2001,LAD,16.8
0,2001,KCR,16.8
0,2001,BOS,15.7
0,2001,MIL,14.4
0,2001,BAL,12.5
0,2001,NYM,12.2
0,2001,TBD,11.0
0,2001,CIN,7.9
0,2001,PIT,3.6
0,2001,MON,0.2
0,2000,SFG,32.7
0,2000,SEA,32.6
0,2000,CLE,31.0
0,2000,STL,29.9
0,2000,ANA,29.3
0,2000,CHW,28.3
0,2000,OAK,25.4
0,2000,DET,24.7
0,2000,ATL,24.4
0,2000,KCR,24.0
0,2000,LAD,22.2
0,2000,TOR,22.1
0,2000,CIN,22.1
0,2000,NYM,21.6
0,2000,NYY,21.5
0,2000,COL,20.9
0,2000,BAL,18.9
0,2000,HOU,18.6
0,2000,TEX,15.7
0,2000,BOS,15.4
0,2000,FLA,14.6
0,2000,MIL,14.0
0,2000,CHC,13.8
0,2000,SDP,13.7
0,2000,ARI,12.3
0,2000,TBD,10.5
0,2000,PIT,10.0
0,2000,PHI,9.2
0,2000,MIN,6.1
0,2000,MON,5.3
0,1999,CLE,35.2
0,1999,BAL,32.5
0,1999,CIN,29.9
0,1999,TEX,28.6
0,1999,NYM,27.8
0,1999,NYY,27.1
0,1999,ARI,26.9
0,1999,OAK,26.9
0,1999,TOR,26.1
0,1999,KCR,25.0
0,1999,BOS,24.7
0,1999,ATL,23.4
0,1999,HOU,22.5
0,1999,SFG,21.1
0,1999,PHI,20.1
0,1999,LAD,19.9
0,1999,DET,17.8
0,1999,SEA,17.0
0,1999,MIL,16.3
0,1999,CHW,16.1
0,1999,SDP,15.9
0,1999,PIT,14.9
0,1999,STL,14.8
0,1999,ANA,14.2
0,1999,CHC,10.7
0,1999,MON,10.0
0,1999,FLA,9.9
0,1999,TBD,9.4
0,1999,MIN,3.9
0,1999,COL,1.6
0,1998,NYY,39.4
0,1998,ATL,36.1
0,1998,TEX,31.8
0,1998,BOS,31.6
0,1998,HOU,31.5
0,1998,SFG,29.8
0,1998,SEA,28.9
0,1998,CHW,27.4
0,1998,CLE,27.1
0,1998,STL,24.6
0,1998,BAL,24.4
0,1998,TOR,23.7
0,1998,DET,19.2
0,1998,CIN,18.6
0,1998,SDP,18.0
0,1998,CHC,18.0
0,1998,COL,17.6
0,1998,PHI,15.5
0,1998,MIL,14.8
0,1998,TBD,14.3
0,1998,NYM,13.4
0,1998,MON,13.0
0,1998,OAK,12.9
0,1998,FLA,12.2
0,1998,ANA,11.9
0,1998,ARI,10.3
0,1998,LAD,9.3
0,1998,KCR,8.8
0,1998,PIT,4.0
0,1998,MIN,1.8
0,1997,SEA,37.3
0,1997,CLE,32.0
0,1997,BOS,30.7
0,1997,HOU,30.3
0,1997,SFG,25.8
0,1997,ATL,25.6
0,1997,BAL,25.6
0,1997,ANA,24.8
0,1997,NYY,23.5
0,1997,COL,21.9
0,1997,KCR,21.0
0,1997,NYM,20.9
0,1997,TEX,20.2
0,1997,FLA,19.9
0,1997,CHW,19.3
0,1997,LAD,17.7
0,1997,MIN,17.2
0,1997,MON,16.4
0,1997,MIL,15.7
0,1997,STL,15.7
0,1997,OAK,15.1
0,1997,CHC,14.8
0,1997,DET,12.1
0,1997,SDP,11.8
0,1997,TOR,11.2
0,1997,PHI,10.1
0,1997,CIN,8.3
0,1997,PIT,5.8
0,1996,SEA,39.4
0,1996,CLE,33.2
0,1996,NYM,30.0
0,1996,TEX,29.5
0,1996,CHW,27.0
0,1996,MIN,25.2
0,1996,BAL,24.6
0,1996,MIL,22.5
0,1996,HOU,21.6
0,1996,STL,21.4
0,1996,NYY,20.4
0,1996,CHC,20.3
0,1996,COL,20.2
0,1996,SFG,20.1
0,1996,ATL,19.1
0,1996,BOS,18.4
0,1996,FLA,17.8
0,1996,SDP,17.6
0,1996,CAL,17.6
0,1996,CIN,15.7
0,1996,OAK,14.8
0,1996,TOR,13.3
0,1996,MON,13.0
0,1996,KCR,11.8
0,1996,LAD,11.5
0,1996,PIT,11.0
0,1996,PHI,10.5
0,1996,DET,3.4
0,1995,BOS,31.9
0,1995,CLE,28.3
0,1995,CIN,27.1
0,1995,CAL,27.1
0,1995,SFG,27.0
0,1995,CHW,24.5
0,1995,SEA,23.4
0,1995,NYY,22.8
0,1995,HOU,21.0
0,1995,OAK,21.0
0,1995,CHC,20.5
0,1995,BAL,19.2
0,1995,LAD,18.7
0,1995,MIN,17.7
0,1995,NYM,16.6
0,1995,FLA,16.4
0,1995,TEX,15.8
0,1995,ATL,14.0
0,1995,KCR,14.0
0,1995,PHI,13.8
0,1995,MIL,12.2
0,1995,COL,12.1
0,1995,MON,9.2
0,1995,STL,8.4
0,1995,SDP,7.6
0,1995,TOR,7.1
0,1995,PIT,6.2
0,1995,DET,5.8
0,1994,NYY,25.6
0,1994,HOU,24.7
0,1994,CLE,22.6
0,1994,CHW,22.1
0,1994,MON,22.0
0,1994,CIN,20.4
0,1994,BAL,18.5
0,1994,STL,18.3
0,1994,OAK,18.1
0,1994,SFG,16.6
0,1994,DET,15.8
0,1994,MIN,15.3
0,1994,TEX,15.2
0,1994,ATL,14.6
0,1994,SEA,14.6
0,1994,CHC,12.5
0,1994,FLA,10.4
0,1994,MIL,9.8
0,1994,CAL,9.8
0,1994,BOS,9.8
0,1994,TOR,9.0
0,1994,LAD,7.9
0,1994,PIT,7.6
0,1994,KCR,7.6
0,1994,COL,6.8
0,1994,PHI,6.4
0,1994,NYM,5.4
0,1994,SDP,3.3
0,1993,NYY,35.6
0,1993,SFG,34.5
0,1993,ATL,32.5
0,1993,TOR,31.2
0,1993,DET,30.9
0,1993,PHI,30.4
0,1993,CHC,30.0
0,1993,CHW,29.2
0,1993,TEX,27.8
0,1993,BAL,26.7
0,1993,HOU,26.4
0,1993,SEA,24.1
0,1993,CLE,21.8
0,1993,STL,21.0
0,1993,BOS,17.6
0,1993,PIT,17.6
0,1993,OAK,17.6
0,1993,MIL,16.9
0,1993,MON,16.0
0,1993,KCR,11.5
0,1993,CIN,10.8
0,1993,MIN,9.7
0,1993,NYM,8.6
0,1993,CAL,8.0
0,1993,COL,7.4
0,1993,LAD,7.4
0,1993,FLA,0.2
0,1993,SDP,-0.9
0,1992,OAK,33.6
0,1992,TOR,30.9
0,1992,DET,30.5
0,1992,MIN,29.2
0,1992,CHW,27.3
0,1992,BAL,25.4
0,1992,MIL,25.0
0,1992,NYY,23.6
0,1992,ATL,22.8
0,1992,STL,22.6
0,1992,CLE,22.5
0,1992,PIT,22.2
0,1992,PHI,21.7
0,1992,SDP,21.3
0,1992,HOU,20.7
0,1992,TEX,18.5
0,1992,CIN,18.1
0,1992,MON,17.9
0,1992,SFG,17.4
0,1992,SEA,17.0
0,1992,CHC,13.2
0,1992,KCR,11.1
0,1992,NYM,7.3
0,1992,CAL,6.6
0,1992,BOS,4.1
0,1992,LAD,1.3
0,1991,DET,33.0
0,1991,CHW,30.1
0,1991,MIN,29.6
0,1991,PIT,28.7
0,1991,OAK,26.9
0,1991,TEX,26.7
0,1991,BAL,24.8
0,1991,SFG,23.9
0,1991,BOS,23.4
0,1991,SDP,21.0
0,1991,MIL,20.4
0,1991,CIN,20.0
0,1991,CHC,19.6
0,1991,TOR,19.0
0,1991,STL,18.7
0,1991,LAD,17.9
0,1991,HOU,17.4
0,1991,KCR,16.8
0,1991,MON,16.3
0,1991,ATL,14.2
0,1991,SEA,13.3
0,1991,PHI,12.9
0,1991,NYY,12.2
0,1991,CAL,10.7
0,1991,NYM,9.1
0,1991,CLE,4.6
0,1990,OAK,39.4
0,1990,PIT,30.2
0,1990,TOR,25.8
0,1990,SFG,25.0
0,1990,BAL,25.0
0,1990,DET,24.1
0,1990,CHW,22.8
0,1990,NYM,22.5
0,1990,LAD,22.4
0,1990,SEA,22.0
0,1990,CLE,21.5
0,1990,CIN,21.3
0,1990,TEX,20.3
0,1990,MON,20.0
0,1990,PHI,19.3
0,1990,CAL,19.0
0,1990,STL,17.2
0,1990,MIL,17.2
0,1990,KCR,16.9
0,1990,BOS,16.5
0,1990,MIN,13.3
0,1990,SDP,12.9
0,1990,NYY,12.9
0,1990,ATL,9.6
0,1990,HOU,7.5
0,1990,CHC,7.5
0,1989,SFG,31.5
0,1989,NYM,29.5
0,1989,TOR,28.1
0,1989,OAK,27.4
0,1989,STL,26.4
0,1989,NYY,26.4
0,1989,BAL,26.1
0,1989,BOS,25.9
0,1989,PIT,23.4
0,1989,CAL,23.1
0,1989,CHC,21.0
0,1989,MIN,20.5
0,1989,TEX,20.4
0,1989,HOU,19.8
0,1989,CHW,18.6
0,1989,SEA,17.8
0,1989,MIL,16.4
0,1989,KCR,15.9
0,1989,MON,15.2
0,1989,LAD,12.6
0,1989,PHI,12.0
0,1989,DET,12.0
0,1989,SDP,11.7
0,1989,ATL,11.1
0,1989,CLE,10.7
0,1989,CIN,9.0
0,1988,OAK,30.7
0,1988,NYM,30.2
0,1988,TOR,29.1
0,1988,BOS,28.7
0,1988,MIN,28.7
0,1988,SFG,27.6
0,1988,PIT,27.3
0,1988,CIN,26.5
0,1988,DET,24.5
0,1988,NYY,23.0
0,1988,SDP,22.0
0,1988,MON,21.7
0,1988,LAD,19.6
0,1988,CHC,18.8
0,1988,CAL,18.4
0,1988,HOU,18.3
0,1988,TEX,16.8
0,1988,KCR,16.5
0,1988,MIL,15.7
0,1988,STL,15.6
0,1988,SEA,11.9
0,1988,CHW,11.3
0,1988,PHI,10.4
0,1988,CLE,9.0
0,1988,BAL,6.0
0,1988,ATL,0.6
0,1987,DET,33.5
0,1987,NYM,32.2
0,1987,TOR,28.0
0,1987,SFG,27.7
0,1987,PIT,26.2
0,1987,SDP,23.9
0,1987,OAK,23.1
0,1987,CHW,22.2
0,1987,CAL,22.2
0,1987,STL,20.4
0,1987,CIN,20.3
0,1987,NYY,19.7
0,1987,BOS,19.5
0,1987,PHI,19.4
0,1987,TEX,18.5
0,1987,MIN,17.8
0,1987,MIL,17.5
0,1987,ATL,16.8
0,1987,CHC,14.7
0,1987,MON,14.7
0,1987,HOU,14.5
0,1987,BAL,14.3
0,1987,SEA,13.9
0,1987,CLE,13.2
0,1987,KCR,12.7
0,1987,LAD,4.4
0,1986,NYM,33.1
0,1986,DET,31.2
0,1986,CAL,30.6
0,1986,SFG,29.5
0,1986,NYY,29.4
0,1986,HOU,27.0
0,1986,OAK,26.6
0,1986,CLE,25.4
0,1986,BOS,23.5
0,1986,PHI,23.1
0,1986,STL,22.5
0,1986,TOR,21.9
0,1986,TEX,19.8
0,1986,CIN,18.7
0,1986,PIT,18.5
0,1986,MIN,17.9
0,1986,BAL,16.9
0,1986,SDP,16.4
0,1986,MON,16.3
0,1986,LAD,12.6
0,1986,KCR,11.6
0,1986,ATL,10.7
0,1986,CHC,9.6
0,1986,CHW,8.4
0,1986,SEA,5.1
0,1986,MIL,4.9
0,1985,STL,34.9
0,1985,NYY,34.2
0,1985,LAD,29.3
0,1985,TOR,26.7
0,1985,BAL,26.1
0,1985,BOS,24.8
0,1985,NYM,24.8
0,1985,SDP,24.2
0,1985,OAK,23.8
0,1985,DET,23.8
0,1985,HOU,22.6
0,1985,MON,21.1
0,1985,CAL,20.9
0,1985,CIN,20.3
0,1985,MIN,18.9
0,1985,CHC,17.7
0,1985,SEA,17.4
0,1985,PHI,15.4
0,1985,KCR,13.6
0,1985,ATL,12.7
0,1985,MIL,11.0
0,1985,CLE,10.7
0,1985,CHW,9.8
0,1985,PIT,9.6
0,1985,TEX,9.4
0,1985,SFG,7.7
0,1984,DET,36.5
0,1984,PHI,29.8
0,1984,TOR,26.1
0,1984,HOU,25.9
0,1984,BAL,25.4
0,1984,MON,25.0
0,1984,SDP,24.4
0,1984,OAK,24.4
0,1984,CHC,23.4
0,1984,NYY,23.2
0,1984,BOS,22.2
0,1984,MIN,21.9
0,1984,STL,21.7
0,1984,KCR,20.6
0,1984,NYM,18.6
0,1984,CLE,18.0
0,1984,PIT,16.4
0,1984,CAL,15.5
0,1984,SFG,15.2
0,1984,ATL,14.2
0,1984,SEA,13.6
0,1984,CHW,13.4
0,1984,LAD,10.8
0,1984,CIN,9.6
0,1984,MIL,7.9
0,1984,TEX,7.4
0,1983,DET,39.8
0,1983,MON,28.6
0,1983,TOR,28.4
0,1983,MIL,28.1
0,1983,HOU,28.0
0,1983,CHW,26.1
0,1983,BAL,26.1
0,1983,STL,25.1
0,1983,NYY,24.4
0,1983,ATL,22.0
0,1983,SDP,21.7
0,1983,OAK,21.6
0,1983,PIT,20.1
0,1983,MIN,19.4
0,1983,SFG,18.7
0,1983,LAD,17.7
0,1983,CHC,17.5
0,1983,TEX,17.4
0,1983,BOS,14.6
0,1983,CIN,14.4
0,1983,PHI,14.0
0,1983,KCR,13.8
0,1983,CAL,12.5
0,1983,NYM,8.2
0,1983,CLE,7.6
0,1983,SEA,-3.6
0,1982,MIL,38.7
0,1982,CAL,34.3
0,1982,KCR,29.9
0,1982,STL,29.9
0,1982,LAD,28.7
0,1982,BAL,28.5
0,1982,DET,27.5
0,1982,MON,27.5
0,1982,SDP,25.3
0,1982,PIT,23.9
0,1982,ATL,20.8
0,1982,CHW,19.6
0,1982,SFG,18.1
0,1982,BOS,17.2
0,1982,HOU,17.1
0,1982,CLE,16.6
0,1982,MIN,16.0
0,1982,CHC,15.9
0,1982,PHI,15.9
0,1982,OAK,15.1
0,1982,NYY,11.8
0,1982,SEA,8.0
0,1982,NYM,7.1
0,1982,TEX,6.0
0,1982,TOR,5.8
0,1982,CIN,5.6
0,1981,OAK,21.8
0,1981,STL,21.0
0,1981,TEX,20.1
0,1981,CHW,19.1
0,1981,CIN,18.9
0,1981,DET,18.4
0,1981,PHI,17.8
0,1981,BOS,17.2
0,1981,LAD,17.1
0,1981,NYY,17.0
0,1981,MON,16.7
0,1981,CAL,16.4
0,1981,MIL,16.1
0,1981,KCR,15.5
0,1981,HOU,15.1
0,1981,BAL,13.7
0,1981,SFG,12.1
0,1981,SDP,10.7
0,1981,ATL,9.8
0,1981,PIT,9.1
0,1981,NYM,8.5
0,1981,CLE,6.9
0,1981,SEA,6.0
0,1981,MIN,-1.9
0,1981,CHC,-2.5
0,1981,TOR,-2.6
0,1980,MIL,34.0
0,1980,OAK,32.0
0,1980,KCR,31.3
0,1980,BAL,30.0
0,1980,LAD,27.6
0,1980,NYY,27.4
0,1980,STL,25.6
0,1980,CIN,25.2
0,1980,HOU,24.9
0,1980,MON,24.7
0,1980,SDP,23.6
0,1980,BOS,23.4
0,1980,DET,23.4
0,1980,PHI,22.5
0,1980,PIT,21.1
0,1980,CLE,18.0
0,1980,ATL,17.9
0,1980,TEX,17.0
0,1980,NYM,13.3
0,1980,MIN,11.3
0,1980,CAL,10.1
0,1980,SFG,8.9
0,1980,TOR,6.5
0,1980,CHW,5.3
0,1980,SEA,3.6
0,1980,CHC,2.4
0,1979,MIL,31.9
0,1979,BAL,30.8
0,1979,KCR,30.7
0,1979,BOS,30.0
0,1979,CAL,27.9
0,1979,TEX,27.3
0,1979,PHI,26.9
0,1979,PIT,26.6
0,1979,CIN,25.3
0,1979,STL,25.1
0,1979,MON,23.6
0,1979,LAD,22.3
0,1979,CHW,21.1
0,1979,NYY,19.5
0,1979,DET,19.1
0,1979,MIN,18.4
0,1979,HOU,18.1
0,1979,SDP,17.0
0,1979,SEA,16.4
0,1979,CLE,15.9
0,1979,SFG,14.3
0,1979,CHC,10.3
0,1979,NYM,9.5
0,1979,TOR,5.4
0,1979,ATL,4.3
0,1979,OAK,-7.2
0,1978,MIL,37.8
0,1978,LAD,33.0
0,1978,PHI,31.9
0,1978,NYY,31.2
0,1978,BAL,30.1
0,1978,KCR,29.9
0,1978,MON,27.8
0,1978,DET,26.1
0,1978,BOS,24.4
0,1978,CIN,23.7
0,1978,MIN,22.1
0,1978,TEX,22.0
0,1978,CAL,19.9
0,1978,SFG,18.4
0,1978,SDP,18.2
0,1978,CLE,16.9
0,1978,HOU,16.0
0,1978,NYM,14.3
0,1978,CHW,14.1
0,1978,PIT,13.3
0,1978,CHC,10.3
0,1978,SEA,8.9
0,1978,STL,8.2
0,1978,TOR,6.9
0,1978,OAK,4.7
0,1978,ATL,1.5
0,1977,NYY,37.7
0,1977,PHI,33.5
0,1977,KCR,31.9
0,1977,TEX,31.8
0,1977,MIN,31.2
0,1977,CIN,29.6
0,1977,BOS,27.9
0,1977,BAL,27.0
0,1977,LAD,26.5
0,1977,PIT,25.1
0,1977,HOU,24.4
0,1977,CHW,22.9
0,1977,MON,22.1
0,1977,SDP,21.9
0,1977,STL,19.0
0,1977,CLE,17.4
0,1977,CAL,16.7
0,1977,SEA,13.9
0,1977,MIL,13.2
0,1977,DET,13.1
0,1977,SFG,10.6
0,1977,NYM,10.5
0,1977,OAK,5.4
0,1977,TOR,4.3
0,1977,CHC,3.9
0,1977,ATL,-9.6
0,1976,CIN,44.1
0,1976,NYY,41.8
0,1976,MIN,29.9
0,1976,PHI,29.6
0,1976,KCR,28.2
0,1976,OAK,25.8
0,1976,LAD,24.6
0,1976,PIT,24.3
0,1976,BAL,24.2
0,1976,HOU,23.4
0,1976,BOS,23.2
0,1976,NYM,22.9
0,1976,SDP,20.7
0,1976,CLE,17.0
0,1976,STL,16.2
0,1976,TEX,15.2
0,1976,DET,14.8
0,1976,MIL,13.3
0,1976,CAL,12.4
0,1976,CHW,11.2
0,1976,CHC,4.6
0,1976,SFG,3.9
0,1976,MON,1.2
0,1976,ATL,-0.9
0,1975,CIN,41.0
0,1975,OAK,33.2
0,1975,BAL,32.3
0,1975,LAD,32.0
0,1975,BOS,31.9
0,1975,PHI,30.3
0,1975,PIT,29.6
0,1975,NYY,25.8
0,1975,KCR,24.8
0,1975,MIN,24.4
0,1975,TEX,21.3
0,1975,CLE,21.2
0,1975,HOU,19.3
0,1975,NYM,17.6
0,1975,MIL,13.3
0,1975,SFG,12.6
0,1975,CHW,11.9
0,1975,STL,11.8
0,1975,CAL,11.6
0,1975,CHC,10.8
0,1975,MON,9.1
0,1975,SDP,6.6
0,1975,DET,0.2
0,1975,ATL,-0.7
0,1974,CIN,37.6
0,1974,LAD,37.2
0,1974,OAK,31.0
0,1974,BAL,28.8
0,1974,PIT,25.0
0,1974,TEX,25.0
0,1974,NYY,24.6
0,1974,BOS,23.4
0,1974,STL,22.6
0,1974,CLE,22.3
0,1974,MIN,21.0
0,1974,HOU,20.7
0,1974,ATL,20.3
0,1974,MON,19.2
0,1974,MIL,18.8
0,1974,CAL,18.8
0,1974,CHW,18.3
0,1974,PHI,16.5
0,1974,KCR,15.3
0,1974,SFG,11.6
0,1974,DET,10.2
0,1974,CHC,2.9
0,1974,NYM,2.4
0,1974,SDP,-0.8
0,1973,BAL,42.5
0,1973,OAK,39.2
0,1973,CIN,33.8
0,1973,BOS,31.2
0,1973,LAD,27.7
0,1973,ATL,25.8
0,1973,SFG,24.8
0,1973,MIN,23.5
0,1973,MIL,23.3
0,1973,NYY,21.9
0,1973,MON,21.7
0,1973,PIT,18.7
0,1973,HOU,18.0
0,1973,KCR,15.9
0,1973,CAL,15.0
0,1973,STL,14.6
0,1973,DET,14.1
0,1973,CLE,11.4
0,1973,PHI,10.4
0,1973,NYM,10.2
0,1973,TEX,9.4
0,1973,CHW,7.6
0,1973,SDP,7.5
0,1973,CHC,3.8
0,1972,CIN,36.9
0,1972,OAK,34.6
0,1972,PIT,31.8
0,1972,NYY,26.3
0,1972,KCR,24.7
0,1972,BAL,24.1
0,1972,MIN,23.5
0,1972,BOS,22.8
0,1972,HOU,22.5
0,1972,MIL,21.6
0,1972,SFG,21.4
0,1972,LAD,21.1
0,1972,DET,20.3
0,1972,CHC,18.2
0,1972,CAL,17.1
0,1972,CLE,16.2
0,1972,ATL,15.2
0,1972,STL,12.5
0,1972,CHW,11.8
0,1972,MON,8.9
0,1972,NYM,6.6
0,1972,TEX,6.0
0,1972,PHI,5.9
0,1972,SDP,3.5
0,1971,BAL,40.5
0,1971,PIT,37.8
0,1971,OAK,31.0
0,1971,SFG,30.2
0,1971,LAD,26.6
0,1971,NYY,25.7
0,1971,CIN,25.5
0,1971,DET,24.1
0,1971,BOS,22.1
0,1971,STL,20.4
0,1971,NYM,20.0
0,1971,KCR,18.2
0,1971,MON,17.8
0,1971,MIL,16.3
0,1971,MIN,15.3
0,1971,HOU,14.9
0,1971,CHW,13.5
0,1971,ATL,13.4
0,1971,CAL,12.6
0,1971,WSA,11.2
0,1971,PHI,11.0
0,1971,CHC,10.9
0,1971,SDP,8.4
0,1971,CLE,4.4
0,1970,BAL,37.8
0,1970,CIN,30.7
0,1970,LAD,29.7
0,1970,BOS,27.8
0,1970,OAK,27.7
0,1970,PIT,27.3
0,1970,MIN,26.6
0,1970,NYY,24.9
0,1970,WSA,23.6
0,1970,SFG,23.0
0,1970,NYM,22.3
0,1970,CAL,20.8
0,1970,MON,19.8
0,1970,HOU,19.1
0,1970,SDP,16.9
0,1970,CLE,16.6
0,1970,CHC,16.6
0,1970,ATL,15.4
0,1970,DET,12.7
0,1970,KCR,10.4
0,1970,MIL,8.9
0,1970,STL,8.8
0,1970,CHW,5.2
0,1970,PHI,0.3
0,1969,BAL,44.0
0,1969,OAK,33.3
0,1969,PIT,32.8
0,1969,MIN,30.0
0,1969,WSA,29.9
0,1969,CIN,29.8
0,1969,LAD,27.3
0,1969,ATL,26.5
0,1969,SFG,25.3
0,1969,BOS,24.8
0,1969,DET,22.7
0,1969,NYM,21.0
0,1969,CHC,16.8
0,1969,STL,16.7
0,1969,NYY,15.7
0,1969,HOU,15.2
0,1969,PHI,11.3
0,1969,MON,10.7
0,1969,CHW,10.2
0,1969,CAL,9.7
0,1969,SEP,8.2
0,1969,KCR,7.9
0,1969,SDP,2.3
0,1969,CLE,1.8
0,1968,PIT,36.2
0,1968,DET,35.6
0,1968,BAL,31.4
0,1968,CIN,28.7
0,1968,STL,25.2
0,1968,CHC,24.3
0,1968,OAK,24.1
0,1968,SFG,23.1
0,1968,BOS,22.8
0,1968,CLE,21.2
0,1968,CAL,19.1
0,1968,ATL,18.8
0,1968,MIN,16.8
0,1968,NYY,15.0
0,1968,NYM,14.6
0,1968,LAD,13.3
0,1968,PHI,10.0
0,1968,CHW,5.7
0,1968,WSA,4.8
0,1968,HOU,3.1
0,1967,DET,36.3
0,1967,STL,31.1
0,1967,PIT,30.3
0,1967,CHC,30.2
0,1967,SFG,29.7
0,1967,BOS,29.3
0,1967,BAL,27.4
0,1967,CAL,22.6
0,1967,ATL,22.5
0,1967,CHW,19.0
0,1967,HOU,17.5
0,1967,PHI,15.5
0,1967,LAD,13.7
0,1967,MIN,13.6
0,1967,WSA,12.7
0,1967,KCA,12.6
0,1967,CIN,11.4
0,1967,CLE,8.6
0,1967,NYY,7.4
0,1967,NYM,4.5
0,1966,PIT,36.2
0,1966,BAL,30.4
0,1966,ATL,29.2
0,1966,PHI,28.2
0,1966,DET,25.5
0,1966,MIN,22.0
0,1966,LAD,21.9
0,1966,NYY,20.3
0,1966,CHW,20.0
0,1966,SFG,19.1
0,1966,STL,18.8
0,1966,HOU,16.9
0,1966,WSA,16.6
0,1966,BOS,16.2
0,1966,CHC,16.2
0,1966,CAL,14.5
0,1966,KCA,12.0
0,1966,CLE,11.0
0,1966,CIN,10.9
0,1966,NYM,7.9
0,1965,CIN,34.4
0,1965,MLN,33.3
0,1965,MIN,30.8
0,1965,PIT,30.6
0,1965,CHW,27.6
0,1965,LAD,25.9
0,1965,STL,23.1
0,1965,SFG,22.9
0,1965,BAL,22.2
0,1965,DET,20.2
0,1965,PHI,19.9
0,1965,CLE,18.9
0,1965,BOS,16.9
0,1965,CHC,13.9
0,1965,CAL,12.6
0,1965,HOU,11.0
0,1965,KCA,9.4
0,1965,WSA,8.9
0,1965,NYY,8.6
0,1965,NYM,3.8
0,1964,MLN,36.1
0,1964,STL,28.3
0,1964,BAL,27.3
0,1964,CHW,27.2
0,1964,DET,26.8
0,1964,MIN,26.6
0,1964,CIN,25.0
0,1964,PHI,24.5
0,1964,SFG,23.5
0,1964,PIT,23.5
0,1964,CHC,22.5
0,1964,LAD,22.3
0,1964,NYY,20.6
0,1964,LAA,15.5
0,1964,BOS,12.7
0,1964,NYM,10.7
0,1964,WSA,7.1
0,1964,CLE,6.9
0,1964,KCA,4.9
0,1964,HOU,2.7
0,1963,STL,36.0
0,1963,SFG,32.7
0,1963,MLN,32.3
0,1963,MIN,31.2
0,1963,PHI,30.8
0,1963,NYY,27.3
0,1963,LAD,24.9
0,1963,PIT,24.5
0,1963,CIN,23.1
0,1963,CHW,21.4
0,1963,DET,20.9
0,1963,CHC,19.1
0,1963,BOS,18.9
0,1963,BAL,18.3
0,1963,LAA,15.4
0,1963,CLE,11.0
0,1963,WSA,4.0
0,1963,KCA,2.6
0,1963,HOU,1.1
0,1963,NYM,-0.5
0,1962,SFG,40.1
0,1962,LAD,32.5
0,1962,NYY,30.8
0,1962,MLN,28.1
0,1962,CIN,26.5
0,1962,STL,24.3
0,1962,PHI,23.0
0,1962,MIN,22.6
0,1962,KCA,18.3
0,1962,BOS,18.0
0,1962,PIT,17.9
0,1962,CHW,17.3
0,1962,BAL,16.7
0,1962,DET,16.2
0,1962,CLE,15.6
0,1962,LAA,13.8
0,1962,CHC,11.8
0,1962,WSA,8.3
0,1962,NYM,7.1
0,1962,HOU,6.4
0,1961,NYY,36.4
0,1961,MLN,34.7
0,1961,DET,31.6
0,1961,SFG,28.7
0,1961,CIN,25.1
0,1961,BAL,20.5
0,1961,PIT,20.0
0,1961,CLE,19.5
0,1961,STL,19.0
0,1961,CHW,18.5
0,1961,LAD,16.9
0,1961,CHC,13.7
0,1961,BOS,13.4
0,1961,LAA,11.2
0,1961,WSA,10.9
0,1961,PHI,9.7
0,1961,MIN,9.0
0,1961,KCA,3.1
0,1960,NYY,35.2
0,1960,PIT,31.1
0,1960,MLN,30.3
0,1960,SFG,26.2
0,1960,CHW,25.1
0,1960,LAD,23.2
0,1960,CIN,21.2
0,1960,BAL,20.1
0,1960,CLE,19.2
0,1960,STL,16.1
0,1960,CHC,14.9
0,1960,WSH,9.5
0,1960,BOS,9.5
0,1960,DET,9.2
0,1960,PHI,4.7
0,1960,KCA,4.5
0,1959,SFG,29.6
0,1959,MLN,28.4
0,1959,CLE,26.2
0,1959,CHC,25.9
0,1959,CIN,23.8
0,1959,CHW,23.4
0,1959,NYY,21.9
0,1959,BOS,20.1
0,1959,DET,18.9
0,1959,PIT,18.6
0,1959,LAD,18.3
0,1959,STL,16.5
0,1959,KCA,12.4
0,1959,BAL,8.9
0,1959,PHI,5.6
0,1959,WSH,3.5
0,1958,NYY,36.7
0,1958,MLN,32.0
0,1958,PIT,26.6
0,1958,SFG,25.9
0,1958,CHC,25.4
0,1958,CHW,21.8
0,1958,CLE,20.1
0,1958,BOS,19.6
0,1958,DET,16.4
0,1958,PHI,15.0
0,1958,CIN,14.9
0,1958,STL,13.9
0,1958,LAD,11.9
0,1958,KCA,10.8
0,1958,BAL,8.5
0,1958,WSH,1.5
0,1957,MLN,38.3
0,1957,NYY,29.9
0,1957,CHW,29.6
0,1957,STL,25.5
0,1957,CIN,25.4
0,1957,PIT,23.0
0,1957,BOS,21.9
0,1957,BAL,19.5
0,1957,BRO,18.5
0,1957,DET,15.1
0,1957,NYG,13.2
0,1957,CLE,12.7
0,1957,PHI,12.2
0,1957,CHC,10.1
0,1957,KCA,7.1
0,1957,WSH,-0.7
0,1956,MLN,32.6
0,1956,BRO,31.3
0,1956,NYY,31.0
0,1956,CIN,30.0
0,1956,STL,25.2
0,1956,DET,24.1
0,1956,CHW,22.5
0,1956,BOS,21.9
0,1956,CHC,14.0
0,1956,PHI,13.9
0,1956,CLE,12.6
0,1956,NYG,12.5
0,1956,PIT,10.3
0,1956,WSH,7.4
0,1956,KCA,6.0
0,1956,BAL,5.3
0,1955,BRO,39.5
0,1955,NYY,35.3
0,1955,MLN,27.1
0,1955,CHW,25.2
0,1955,DET,25.0
0,1955,CIN,24.7
0,1955,BOS,24.4
0,1955,PHI,23.6
0,1955,STL,18.2
0,1955,NYG,17.3
0,1955,CLE,14.7
0,1955,CHC,13.9
0,1955,KCA,8.7
0,1955,WSH,2.4
0,1955,BAL,0.8
0,1955,PIT,0.8
0,1954,NYY,33.0
0,1954,BRO,29.3
0,1954,CLE,28.5
0,1954,CHW,28.2
0,1954,NYG,26.7
0,1954,STL,25.9
0,1954,MLN,23.4
0,1954,PHI,21.9
0,1954,CIN,19.1
0,1954,BOS,18.4
0,1954,WSH,15.3
0,1954,CHC,14.2
0,1954,DET,12.6
0,1954,BAL,4.8
0,1954,PIT,1.2
0,1954,PHA,-1.6
0,1953,BRO,43.1
0,1953,NYY,38.7
0,1953,CLE,30.6
0,1953,STL,24.6
0,1953,WSH,23.0
0,1953,PHI,22.2
0,1953,MLN,21.5
0,1953,NYG,20.0
0,1953,CHW,18.9
0,1953,CIN,18.6
0,1953,BOS,17.4
0,1953,CHC,7.2
0,1953,DET,6.0
0,1953,PIT,5.0
0,1953,PHA,3.7
0,1953,SLB,0.9
0,1952,NYY,37.0
0,1952,BRO,34.3
0,1952,STL,31.1
0,1952,CLE,31.0
0,1952,NYG,30.0
0,1952,PHI,26.9
0,1952,CHC,17.5
0,1952,BOS,15.6
0,1952,CIN,15.2
0,1952,PHA,14.5
0,1952,CHW,12.8
0,1952,SLB,10.3
0,1952,WSH,8.0
0,1952,BSN,8.0
0,1952,DET,6.3
0,1952,PIT,2.6
0,1951,BRO,38.4
0,1951,NYG,37.3
0,1951,NYY,29.9
0,1951,STL,25.0
0,1951,BSN,24.6
0,1951,CHW,22.3
0,1951,CLE,21.9
0,1951,PHA,20.9
0,1951,BOS,17.5
0,1951,PHI,16.8
0,1951,PIT,15.8
0,1951,DET,12.9
0,1951,WSH,10.0
0,1951,CHC,8.3
0,1951,CIN,2.9
0,1951,SLB,-2.2
0,1950,BRO,32.5
0,1950,NYG,30.3
0,1950,NYY,28.9
0,1950,BOS,26.8
0,1950,CLE,25.5
0,1950,BSN,25.3
0,1950,PHI,24.9
0,1950,DET,24.2
0,1950,STL,17.3
0,1950,PIT,16.2
0,1950,PHA,12.2
0,1950,CHC,12.0
0,1950,WSH,10.3
0,1950,CIN,10.0
0,1950,CHW,8.8
0,1950,SLB,-5.1
0,1949,BRO,37.9
0,1949,BOS,28.8
0,1949,NYG,27.9
0,1949,STL,26.9
0,1949,NYY,24.5
0,1949,BSN,23.5
0,1949,PHI,20.8
0,1949,PHA,19.8
0,1949,DET,18.4
0,1949,PIT,17.8
0,1949,CLE,17.7
0,1949,CHW,14.4
0,1949,CIN,11.0
0,1949,CHC,9.7
0,1949,WSH,2.9
0,1949,SLB,-2.3
0,1948,CLE,36.9
0,1948,BSN,34.5
0,1948,BOS,28.8
0,1948,NYY,27.0
0,1948,NYG,26.4
0,1948,PIT,24.7
0,1948,BRO,24.5
0,1948,CHC,22.4
0,1948,STL,21.2
0,1948,PHA,13.4
0,1948,PHI,12.8
0,1948,DET,10.5
0,1948,CIN,9.8
0,1948,CHW,4.8
0,1948,SLB,4.7
0,1948,WSH,-1.1
0,1947,NYY,31.5
0,1947,NYG,30.5
0,1947,BRO,30.1
0,1947,CLE,26.2
0,1947,BSN,25.0
0,1947,STL,23.3
0,1947,PHA,19.9
0,1947,PIT,19.1
0,1947,BOS,18.3
0,1947,DET,17.3
0,1947,CHC,14.7
0,1947,CIN,14.6
0,1947,CHW,12.6
0,1947,PHI,12.1
0,1947,SLB,6.4
0,1947,WSH,0.1
0,1946,BRO,31.4
0,1946,NYY,30.5
0,1946,BOS,28.8
0,1946,STL,28.0
0,1946,NYG,23.3
0,1946,BSN,21.5
0,1946,CIN,20.3
0,1946,CHC,19.5
0,1946,DET,17.7
0,1946,CLE,15.7
0,1946,PHI,15.4
0,1946,WSH,14.0
0,1946,CHW,13.0
0,1946,PIT,10.9
0,1946,PHA,6.9
0,1946,SLB,3.9
0,1945,CHC,28.3
0,1945,NYY,26.5
0,1945,BRO,23.8
0,1945,STL,23.3
0,1945,WSH,22.0
0,1945,NYG,20.6
0,1945,BSN,19.5
0,1945,BOS,18.5
0,1945,PIT,17.4
0,1945,CLE,16.7
0,1945,DET,16.6
0,1945,CHW,14.2
0,1945,SLB,9.1
0,1945,PHA,7.7
0,1945,CIN,3.3
0,1945,PHI,-1.9
0,1944,STL,35.2
0,1944,CLE,25.5
0,1944,NYY,25.5
0,1944,BOS,23.9
0,1944,NYG,20.0
0,1944,CIN,18.8
0,1944,PIT,17.9
0,1944,CHC,17.1
0,1944,DET,15.4
0,1944,PHI,11.1
0,1944,SLB,10.7
0,1944,BRO,10.6
0,1944,WSH,10.5
0,1944,BSN,8.6
0,1944,PHA,8.6
0,1944,CHW,7.8
0,1943,STL,32.1
0,1943,NYY,28.9
0,1943,CLE,28.1
0,1943,WSH,23.8
0,1943,BRO,22.4
0,1943,CHC,20.6
0,1943,CIN,20.3
0,1943,PIT,19.0
0,1943,CHW,14.2
0,1943,DET,13.8
0,1943,PHI,11.3
0,1943,BOS,11.2
0,1943,SLB,10.8
0,1943,NYG,7.4
0,1943,BSN,7.2
0,1943,PHA,-4.2
0,1942,NYY,38.0
0,1942,BRO,31.4
0,1942,BOS,29.5
0,1942,STL,28.0
0,1942,NYG,25.3
0,1942,CHC,20.5
0,1942,SLB,19.1
0,1942,CLE,16.0
0,1942,BSN,13.5
0,1942,CIN,12.6
0,1942,PIT,9.8
0,1942,CHW,6.8
0,1942,WSH,6.3
0,1942,PHI,4.0
0,1942,DET,3.9
0,1942,PHA,-0.2
0,1941,BRO,36.1
0,1941,NYY,35.3
0,1941,BOS,27.1
0,1941,STL,26.4
0,1941,PIT,22.0
0,1941,SLB,19.7
0,1941,NYG,18.4
0,1941,CHC,17.7
0,1941,CLE,17.6
0,1941,PHA,16.8
0,1941,WSH,15.9
0,1941,BSN,15.5
0,1941,CIN,14.7
0,1941,CHW,6.1
0,1941,DET,6.0
0,1941,PHI,5.3
0,1940,NYY,31.2
0,1940,CIN,29.6
0,1940,STL,23.8
0,1940,PIT,23.7
0,1940,DET,23.3
0,1940,BOS,21.9
0,1940,CHC,21.5
0,1940,CLE,19.6
0,1940,NYG,19.3
0,1940,BSN,16.8
0,1940,CHW,14.6
0,1940,BRO,14.4
0,1940,WSH,12.4
0,1940,SLB,11.0
0,1940,PHA,8.4
0,1940,PHI,7.5
0,1939,NYY,41.8
0,1939,CIN,29.0
0,1939,STL,28.4
0,1939,BOS,22.3
0,1939,CLE,21.5
0,1939,WSH,21.0
0,1939,NYG,20.5
0,1939,DET,19.2
0,1939,BRO,17.9
0,1939,PIT,16.5
0,1939,BSN,16.4
0,1939,CHC,14.1
0,1939,CHW,13.1
0,1939,PHA,8.8
0,1939,PHI,6.9
0,1939,SLB,2.0
0,1938,NYY,30.7
0,1938,CIN,29.8
0,1938,PIT,27.3
0,1938,NYG,26.1
0,1938,WSH,24.7
0,1938,BOS,22.4
0,1938,CLE,21.9
0,1938,CHC,19.4
0,1938,STL,18.1
0,1938,DET,17.1
0,1938,BSN,15.2
0,1938,BRO,14.7
0,1938,SLB,9.7
0,1938,PHA,8.8
0,1938,CHW,8.8
0,1938,PHI,-1.4
0,1937,NYY,32.8
0,1937,NYG,29.0
0,1937,CHC,28.0
0,1937,DET,27.5
0,1937,PIT,24.1
0,1937,BSN,21.1
0,1937,CHW,21.0
0,1937,CLE,19.8
0,1937,WSH,18.6
0,1937,STL,17.6
0,1937,PHA,12.5
0,1937,CIN,11.8
0,1937,PHI,11.6
0,1937,SLB,9.5
0,1937,BOS,9.2
0,1937,BRO,5.5
0,1936,NYY,38.1
0,1936,NYG,28.2
0,1936,CHC,26.6
0,1936,WSH,25.8
0,1936,DET,22.5
0,1936,PIT,22.4
0,1936,CLE,21.6
0,1936,CHW,21.1
0,1936,STL,20.6
0,1936,BSN,19.1
0,1936,CIN,19.1
0,1936,PHI,8.5
0,1936,SLB,8.2
0,1936,BRO,7.9
0,1936,BOS,6.6
0,1936,PHA,4.3
0,1935,DET,37.0
0,1935,CHC,33.4
0,1935,NYY,31.3
0,1935,NYG,26.8
0,1935,STL,19.9
0,1935,CHW,19.0
0,1935,CLE,18.6
0,1935,PIT,18.4
0,1935,WSH,17.5
0,1935,BRO,17.0
0,1935,PHA,16.1
0,1935,CIN,14.1
0,1935,BOS,11.9
0,1935,SLB,10.7
0,1935,BSN,6.2
0,1935,PHI,1.4
0,1934,DET,36.5
0,1934,NYY,35.1
0,1934,BRO,24.8
0,1934,PHA,24.5
0,1934,NYG,24.5
0,1934,CHC,22.7
0,1934,CLE,22.2
0,1934,WSH,19.9
0,1934,STL,19.8
0,1934,BSN,18.2
0,1934,PIT,15.8
0,1934,BOS,12.0
0,1934,PHI,8.3
0,1934,SLB,5.6
0,1934,CHW,3.3
0,1934,CIN,2.1
0,1933,NYY,35.1
0,1933,WSH,30.1
0,1933,PHA,26.4
0,1933,CHC,26.1
0,1933,PIT,25.7
0,1933,NYG,24.3
0,1933,STL,19.8
0,1933,DET,18.1
0,1933,CHW,17.9
0,1933,BSN,17.6
0,1933,BRO,14.4
0,1933,BOS,12.7
0,1933,PHI,10.4
0,1933,CLE,8.7
0,1933,CIN,5.9
0,1933,SLB,5.0
0,1932,NYY,37.2
0,1932,PHA,35.4
0,1932,WSH,28.1
0,1932,BRO,23.7
0,1932,PHI,22.1
0,1932,PIT,21.3
0,1932,CHC,20.2
0,1932,NYG,18.6
0,1932,CLE,16.9
0,1932,DET,15.0
0,1932,CIN,14.0
0,1932,BSN,12.6
0,1932,CHW,10.8
0,1932,SLB,9.7
0,1932,STL,9.2
0,1932,BOS,5.2
0,1931,NYY,45.5
0,1931,PHA,29.8
0,1931,NYG,28.1
0,1931,CHC,27.4
0,1931,STL,26.6
0,1931,WSH,25.3
0,1931,CLE,22.6
0,1931,PIT,15.8
0,1931,BRO,14.0
0,1931,CIN,13.4
0,1931,PHI,10.4
0,1931,SLB,9.8
0,1931,BOS,9.1
0,1931,DET,9.1
0,1931,CHW,8.5
0,1931,BSN,4.9
0,1930,NYY,38.8
0,1930,WSH,32.8
0,1930,PHA,29.1
0,1930,NYG,29.0
0,1930,CHC,25.8
0,1930,BRO,24.8
0,1930,STL,21.0
0,1930,CLE,19.8
0,1930,PIT,17.4
0,1930,DET,15.8
0,1930,CHW,10.3
0,1930,BOS,9.7
0,1930,SLB,9.5
0,1930,PHI,8.3
0,1930,CIN,7.9
0,1930,BSN,1.4
0,1929,NYY,38.6
0,1929,PHA,30.8
0,1929,CHC,29.4
0,1929,DET,23.4
0,1929,NYG,21.2
0,1929,PHI,21.0
0,1929,SLB,19.7
0,1929,PIT,18.6
0,1929,CLE,17.7
0,1929,WSH,17.3
0,1929,STL,14.8
0,1929,BRO,14.3
0,1929,CHW,10.5
0,1929,CIN,9.1
0,1929,BOS,8.2
0,1929,BSN,5.0
0,1928,NYY,34.2
0,1928,PHA,29.5
0,1928,NYG,28.3
0,1928,CHC,25.5
0,1928,STL,24.3
0,1928,WSH,24.1
0,1928,PIT,20.7
0,1928,SLB,18.6
0,1928,DET,17.9
0,1928,CHW,14.2
0,1928,CLE,12.8
0,1928,BRO,12.1
0,1928,BOS,11.7
0,1928,CIN,11.1
0,1928,BSN,10.7
0,1928,PHI,3.8
0,1927,NYY,47.2
0,1927,NYG,31.2
0,1927,PHA,26.6
0,1927,PIT,25.3
0,1927,DET,25.0
0,1927,STL,24.3
0,1927,CHC,24.1
0,1927,WSH,22.5
0,1927,CHW,17.8
0,1927,CIN,12.7
0,1927,BSN,10.6
0,1927,SLB,10.3
0,1927,CLE,9.8
0,1927,PHI,8.4
0,1927,BRO,3.3
0,1927,BOS,3.1
0,1926,NYY,30.5
0,1926,CHW,28.9
0,1926,STL,28.5
0,1926,CIN,25.3
0,1926,WSH,25.1
0,1926,CLE,22.1
0,1926,DET,21.8
0,1926,CHC,20.9
0,1926,PIT,19.3
0,1926,NYG,18.3
0,1926,PHA,15.6
0,1926,BSN,13.6
0,1926,SLB,13.2
0,1926,BRO,7.4
0,1926,BOS,6.3
0,1926,PHI,2.9
0,1925,DET,29.5
0,1925,WSH,29.1
0,1925,PIT,28.1
0,1925,CHW,26.1
0,1925,STL,23.8
0,1925,PHA,23.2
0,1925,SLB,21.3
0,1925,BSN,17.6
0,1925,CLE,16.4
0,1925,NYG,16.1
0,1925,NYY,15.8
0,1925,BRO,15.4
0,1925,CIN,13.1
0,1925,CHC,11.2
0,1925,PHI,9.1
0,1925,BOS,3.5
0,1924,NYG,34.0
0,1924,DET,31.0
0,1924,WSH,26.9
0,1924,PIT,25.3
0,1924,NYY,23.0
0,1924,STL,21.3
0,1924,CHW,19.6
0,1924,BRO,18.9
0,1924,CIN,18.6
0,1924,CLE,18.1
0,1924,SLB,16.2
0,1924,BOS,15.9
0,1924,CHC,15.4
0,1924,PHA,10.9
0,1924,PHI,4.6
0,1924,BSN,-0.8
0,1923,DET,33.6
0,1923,CLE,31.7
0,1923,NYY,29.3
0,1923,NYG,28.4
0,1923,WSH,23.0
0,1923,CHC,22.1
0,1923,PIT,21.3
0,1923,STL,20.1
0,1923,CIN,19.2
0,1923,CHW,18.2
0,1923,SLB,15.6
0,1923,BRO,15.1
0,1923,PHA,12.1
0,1923,BSN,6.9
0,1923,BOS,2.7
0,1923,PHI,1.7
0,1922,SLB,36.7
0,1922,DET,31.0
0,1922,NYG,30.6
0,1922,NYY,25.3
0,1922,STL,23.2
0,1922,CIN,22.9
0,1922,CLE,19.6
0,1922,CHW,18.6
0,1922,CHC,17.9
0,1922,WSH,17.1
0,1922,PIT,17.0
0,1922,PHA,12.6
0,1922,PHI,10.6
0,1922,BRO,8.7
0,1922,BOS,6.7
0,1922,BSN,1.7
0,1921,NYY,32.7
0,1921,STL,31.7
0,1921,NYG,31.6
0,1921,CLE,31.3
0,1921,DET,27.1
0,1921,BSN,21.8
0,1921,SLB,17.6
0,1921,WSH,17.6
0,1921,PIT,16.6
0,1921,CHW,13.2
0,1921,CIN,13.1
0,1921,CHC,12.4
0,1921,BOS,12.4
0,1921,PHA,10.0
0,1921,BRO,5.6
0,1921,PHI,4.7
0,1920,CLE,30.0
0,1920,SLB,29.7
0,1920,CHW,28.7
0,1920,NYG,26.7
0,1920,NYY,25.0
0,1920,STL,25.0
0,1920,CIN,22.1
0,1920,WSH,17.3
0,1920,BOS,16.5
0,1920,BSN,16.0
0,1920,BRO,15.7
0,1920,CHC,13.0
0,1920,PHI,12.8
0,1920,PIT,12.5
0,1920,DET,11.8
0,1920,PHA,-2.6
0,1919,CHW,27.7
0,1919,NYG,25.9
0,1919,CIN,23.9
0,1919,NYY,23.4
0,1919,CLE,22.8
0,1919,DET,22.6
0,1919,BOS,21.8
0,1919,STL,17.5
0,1919,SLB,16.6
0,1919,BSN,15.4
0,1919,CHC,15.3
0,1919,PIT,14.6
0,1919,WSH,10.8
0,1919,BRO,7.7
0,1919,PHI,4.7
0,1919,PHA,0.3
0,1918,CIN,22.0
0,1918,BOS,19.6
0,1918,SLB,19.6
0,1918,CLE,19.2
0,1918,WSH,18.9
0,1918,NYY,18.7
0,1918,PIT,17.8
0,1918,CHC,16.1
0,1918,NYG,15.3
0,1918,STL,14.5
0,1918,CHW,14.3
0,1918,PHA,14.2
0,1918,DET,13.0
0,1918,BSN,9.1
0,1918,BRO,6.8
0,1918,PHI,6.5
0,1917,NYG,30.3
0,1917,DET,27.1
0,1917,CLE,25.8
0,1917,STL,25.2
0,1917,CHW,24.3
0,1917,BOS,23.9
0,1917,CIN,22.7
0,1917,PHI,18.7
0,1917,BSN,17.8
0,1917,PHA,17.5
0,1917,NYY,16.8
0,1917,WSH,16.4
0,1917,SLB,16.2
0,1917,BRO,10.2
0,1917,PIT,4.0
0,1917,CHC,3.9
0,1916,CHW,28.4
0,1916,NYG,26.2
0,1916,SLB,25.2
0,1916,NYY,24.2
0,1916,BRO,22.7
0,1916,DET,22.6
0,1916,CIN,20.3
0,1916,CLE,20.0
0,1916,BSN,19.2
0,1916,PHI,18.5
0,1916,BOS,18.3
0,1916,WSH,15.6
0,1916,PHA,10.4
0,1916,CHC,9.5
0,1916,STL,9.1
0,1916,PIT,8.9
0,1915,DET,33.1
0,1915,CHW,28.8
0,1915,BOS,27.5
0,1915,PHI,22.6
0,1915,BSN,22.2
0,1915,PIT,21.2
0,1915,STL,20.6
0,1915,NYY,18.5
0,1915,CIN,17.8
0,1915,WSH,17.2
0,1915,SLB,17.0
0,1915,CHC,16.7
0,1915,CLE,14.2
0,1915,NYG,12.9
0,1915,PHA,10.2
0,1915,BRO,7.0
0,1914,PHA,37.3
0,1914,DET,28.7
0,1914,BOS,28.4
0,1914,NYG,28.2
0,1914,BSN,20.9
0,1914,STL,19.3
0,1914,WSH,18.8
0,1914,CHW,18.6
0,1914,BRO,18.1
0,1914,NYY,16.4
0,1914,CHC,15.9
0,1914,SLB,15.2
0,1914,CLE,12.9
0,1914,PHI,12.5
0,1914,PIT,12.4
0,1914,CIN,7.7
0,1913,PHA,40.9
0,1913,CLE,24.6
0,1913,CHC,23.9
0,1913,PHI,22.9
0,1913,DET,22.7
0,1913,NYG,22.2
0,1913,WSH,21.6
0,1913,BOS,20.4
0,1913,BRO,16.7
0,1913,CIN,15.5
0,1913,PIT,15.0
0,1913,CHW,14.1
0,1913,SLB,13.7
0,1913,BSN,9.2
0,1913,NYY,7.2
0,1913,STL,6.1
0,1912,PHA,40.7
0,1912,BOS,27.6
0,1912,CHC,26.7
0,1912,DET,24.7
0,1912,PIT,24.5
0,1912,NYG,24.1
0,1912,WSH,22.8
0,1912,CLE,20.5
0,1912,CHW,15.0
0,1912,BRO,14.8
0,1912,STL,14.1
0,1912,SLB,10.4
0,1912,CIN,10.3
0,1912,PHI,10.2
0,1912,BSN,8.5
0,1912,NYY,3.3
0,1911,PHA,33.4
0,1911,NYG,27.9
0,1911,CHC,25.3
0,1911,BOS,24.3
0,1911,DET,22.5
0,1911,CLE,22.0
0,1911,CHW,21.6
0,1911,PIT,20.3
0,1911,STL,20.0
0,1911,CIN,18.2
0,1911,NYY,18.2
0,1911,PHI,16.1
0,1911,WSH,11.9
0,1911,SLB,6.8
0,1911,BSN,5.2
0,1911,BRO,4.0
0,1910,PHA,38.8
0,1910,DET,30.3
0,1910,CHC,29.0
0,1910,BOS,28.8
0,1910,NYG,24.0
0,1910,WSH,22.2
0,1910,NYY,21.6
0,1910,CIN,20.0
0,1910,CLE,16.7
0,1910,PIT,16.2
0,1910,PHI,15.0
0,1910,STL,12.7
0,1910,CHW,9.5
0,1910,BSN,7.6
0,1910,SLB,5.0
0,1910,BRO,1.8
0,1909,PIT,33.1
0,1909,DET,33.0
0,1909,PHA,32.1
0,1909,BOS,26.6
0,1909,NYG,25.0
0,1909,CIN,24.2
0,1909,CHC,20.6
0,1909,PHI,18.5
0,1909,CHW,16.5
0,1909,CLE,16.5
0,1909,NYY,16.4
0,1909,STL,15.5
0,1909,SLB,10.4
0,1909,WSH,7.0
0,1909,BRO,3.8
0,1909,BSN,-0.8
0,1908,NYG,29.3
0,1908,CHC,27.5
0,1908,SLB,27.0
0,1908,DET,26.4
0,1908,CLE,25.3
0,1908,PIT,24.8
0,1908,WSH,22.9
0,1908,CHW,21.8
0,1908,PHI,21.0
0,1908,BOS,20.2
0,1908,BSN,19.4
0,1908,CIN,14.1
0,1908,NYY,7.5
0,1908,PHA,6.4
0,1908,BRO,4.8
0,1908,STL,2.4
0,1907,CHC,29.0
0,1907,PHA,25.9
0,1907,PIT,24.6
0,1907,CLE,23.3
0,1907,SLB,23.2
0,1907,CHW,21.8
0,1907,DET,20.1
0,1907,NYG,19.3
0,1907,PHI,19.2
0,1907,CIN,17.7
0,1907,BOS,17.0
0,1907,BSN,15.7
0,1907,WSH,15.3
0,1907,BRO,10.9
0,1907,NYY,6.7
0,1907,STL,4.5
0,1906,CLE,42.5
0,1906,CHC,36.9
0,1906,NYG,28.5
0,1906,SLB,24.9
0,1906,PIT,23.3
0,1906,CHW,22.6
0,1906,NYY,20.0
0,1906,PHA,17.4
0,1906,PHI,14.4
0,1906,BRO,13.9
0,1906,WSH,11.2
0,1906,CIN,10.2
0,1906,DET,9.4
0,1906,STL,8.3
0,1906,BOS,7.4
0,1906,BSN,4.7
0,1905,NYG,35.5
0,1905,CHW,32.1
0,1905,PHA,26.5
0,1905,PIT,25.9
0,1905,CLE,23.3
0,1905,PHI,22.8
0,1905,BOS,21.5
0,1905,CHC,20.9
0,1905,CIN,16.7
0,1905,SLB,14.9
0,1905,DET,14.6
0,1905,WSH,14.5
0,1905,NYY,14.4
0,1905,STL,7.2
0,1905,BRO,5.8
0,1905,BSN,0.9
0,1904,NYG,32.7
0,1904,CHW,30.8
0,1904,CLE,30.1
0,1904,NYY,29.7
0,1904,BOS,25.5
0,1904,PIT,21.6
0,1904,CHC,18.4
0,1904,CIN,18.2
0,1904,SLB,17.4
0,1904,PHA,17.0
0,1904,STL,16.3
0,1904,DET,12.1
0,1904,BRO,11.2
0,1904,PHI,8.6
0,1904,BSN,5.9
0,1904,WSH,1.5
0,1903,CLE,28.5
0,1903,PIT,27.7
0,1903,BOS,27.1
0,1903,DET,22.5
0,1903,CHC,20.8
0,1903,PHA,20.2
0,1903,BRO,19.2
0,1903,CIN,16.7
0,1903,CHW,15.2
0,1903,NYY,14.9
0,1903,SLB,14.8
0,1903,NYG,14.6
0,1903,PHI,13.0
0,1903,BSN,7.6
0,1903,WSH,3.5
0,1903,STL,3.1
0,1902,PIT,37.6
0,1902,CLE,26.0
0,1902,CIN,25.2
0,1902,BOS,20.0
0,1902,CHW,19.3
0,1902,CHC,18.5
0,1902,WSH,18.0
0,1902,BSN,17.9
0,1902,PHA,17.8
0,1902,BRO,17.4
0,1902,SLB,17.1
0,1902,STL,11.0
0,1902,BLA,7.7
0,1902,NYG,7.5
0,1902,DET,3.2
0,1902,PHI,2.8
0,1901,STL,30.3
0,1901,PIT,27.7
0,1901,BOS,25.4
0,1901,CHW,23.6
0,1901,BRO,23.0
0,1901,PHI,20.6
0,1901,PHA,16.7
0,1901,DET,16.5
0,1901,BLA,14.7
0,1901,WSH,13.5
0,1901,CIN,12.5
0,1901,CHC,12.1
0,1901,CLE,11.4
0,1901,MLA,11.1
0,1901,NYG,7.2
0,1901,BSN,4.4
